,date,weekday,weekday_int,d,event
0,2011-01-29,Saturday,1,d_1,no event
1,2011-01-30,Sunday,2,d_2,no event
2,2011-01-31,Monday,3,d_3,no event
3,2011-02-01,Tuesday,4,d_4,no event
4,2011-02-02,Wednesday,5,d_5,no event
5,2011-02-03,Thursday,6,d_6,no event
6,2011-02-04,Friday,7,d_7,no event
7,2011-02-05,Saturday,1,d_8,no event
8,2011-02-06,Sunday,2,d_9,SuperBowl
9,2011-02-07,Monday,3,d_10,no event
10,2011-02-08,Tuesday,4,d_11,no event
11,2011-02-09,Wednesday,5,d_12,no event
12,2011-02-10,Thursday,6,d_13,no event
13,2011-02-11,Friday,7,d_14,no event
14,2011-02-12,Saturday,1,d_15,no event
15,2011-02-13,Sunday,2,d_16,no event
16,2011-02-14,Monday,3,d_17,no event
17,2011-02-15,Tuesday,4,d_18,no event
18,2011-02-16,Wednesday,5,d_19,no event
19,2011-02-17,Thursday,6,d_20,no event
20,2011-02-18,Friday,7,d_21,no event
21,2011-02-19,Saturday,1,d_22,no event
22,2011-02-20,Sunday,2,d_23,no event
23,2011-02-21,Monday,3,d_24,no event
24,2011-02-22,Tuesday,4,d_25,no event
25,2011-02-23,Wednesday,5,d_26,no event
26,2011-02-24,Thursday,6,d_27,no event
27,2011-02-25,Friday,7,d_28,no event
28,2011-02-26,Saturday,1,d_29,no event
29,2011-02-27,Sunday,2,d_30,no event
30,2011-02-28,Monday,3,d_31,no event
31,2011-03-01,Tuesday,4,d_32,no event
32,2011-03-02,Wednesday,5,d_33,no event
33,2011-03-03,Thursday,6,d_34,no event
34,2011-03-04,Friday,7,d_35,no event
35,2011-03-05,Saturday,1,d_36,no event
36,2011-03-06,Sunday,2,d_37,no event
37,2011-03-07,Monday,3,d_38,no event
38,2011-03-08,Tuesday,4,d_39,no event
39,2011-03-09,Wednesday,5,d_40,no event
40,2011-03-10,Thursday,6,d_41,no event
41,2011-03-11,Friday,7,d_42,no event
42,2011-03-12,Saturday,1,d_43,no event
43,2011-03-13,Sunday,2,d_44,no event
44,2011-03-14,Monday,3,d_45,no event
45,2011-03-15,Tuesday,4,d_46,no event
46,2011-03-16,Wednesday,5,d_47,no event
47,2011-03-17,Thursday,6,d_48,no event
48,2011-03-18,Friday,7,d_49,no event
49,2011-03-19,Saturday,1,d_50,no event
50,2011-03-20,Sunday,2,d_51,no event
51,2011-03-21,Monday,3,d_52,no event
52,2011-03-22,Tuesday,4,d_53,no event
53,2011-03-23,Wednesday,5,d_54,no event
54,2011-03-24,Thursday,6,d_55,no event
55,2011-03-25,Friday,7,d_56,no event
56,2011-03-26,Saturday,1,d_57,no event
57,2011-03-27,Sunday,2,d_58,no event
58,2011-03-28,Monday,3,d_59,no event
59,2011-03-29,Tuesday,4,d_60,no event
60,2011-03-30,Wednesday,5,d_61,no event
61,2011-03-31,Thursday,6,d_62,no event
62,2011-04-01,Friday,7,d_63,no event
63,2011-04-02,Saturday,1,d_64,no event
64,2011-04-03,Sunday,2,d_65,no event
65,2011-04-04,Monday,3,d_66,no event
66,2011-04-05,Tuesday,4,d_67,no event
67,2011-04-06,Wednesday,5,d_68,no event
68,2011-04-07,Thursday,6,d_69,no event
69,2011-04-08,Friday,7,d_70,no event
70,2011-04-09,Saturday,1,d_71,no event
71,2011-04-10,Sunday,2,d_72,no event
72,2011-04-11,Monday,3,d_73,no event
73,2011-04-12,Tuesday,4,d_74,no event
74,2011-04-13,Wednesday,5,d_75,no event
75,2011-04-14,Thursday,6,d_76,no event
76,2011-04-15,Friday,7,d_77,no event
77,2011-04-16,Saturday,1,d_78,no event
78,2011-04-17,Sunday,2,d_79,no event
79,2011-04-18,Monday,3,d_80,no event
80,2011-04-19,Tuesday,4,d_81,no event
81,2011-04-20,Wednesday,5,d_82,no event
82,2011-04-21,Thursday,6,d_83,no event
83,2011-04-22,Friday,7,d_84,no event
84,2011-04-23,Saturday,1,d_85,no event
85,2011-04-24,Sunday,2,d_86,no event
86,2011-04-25,Monday,3,d_87,no event
87,2011-04-26,Tuesday,4,d_88,no event
88,2011-04-27,Wednesday,5,d_89,no event
89,2011-04-28,Thursday,6,d_90,no event
90,2011-04-29,Friday,7,d_91,no event
91,2011-04-30,Saturday,1,d_92,no event
92,2011-05-01,Sunday,2,d_93,no event
93,2011-05-02,Monday,3,d_94,no event
94,2011-05-03,Tuesday,4,d_95,no event
95,2011-05-04,Wednesday,5,d_96,no event
96,2011-05-05,Thursday,6,d_97,no event
97,2011-05-06,Friday,7,d_98,no event
98,2011-05-07,Saturday,1,d_99,no event
99,2011-05-08,Sunday,2,d_100,no event
100,2011-05-09,Monday,3,d_101,no event
101,2011-05-10,Tuesday,4,d_102,no event
102,2011-05-11,Wednesday,5,d_103,no event
103,2011-05-12,Thursday,6,d_104,no event
104,2011-05-13,Friday,7,d_105,no event
105,2011-05-14,Saturday,1,d_106,no event
106,2011-05-15,Sunday,2,d_107,no event
107,2011-05-16,Monday,3,d_108,no event
108,2011-05-17,Tuesday,4,d_109,no event
109,2011-05-18,Wednesday,5,d_110,no event
110,2011-05-19,Thursday,6,d_111,no event
111,2011-05-20,Friday,7,d_112,no event
112,2011-05-21,Saturday,1,d_113,no event
113,2011-05-22,Sunday,2,d_114,no event
114,2011-05-23,Monday,3,d_115,no event
115,2011-05-24,Tuesday,4,d_116,no event
116,2011-05-25,Wednesday,5,d_117,no event
117,2011-05-26,Thursday,6,d_118,no event
118,2011-05-27,Friday,7,d_119,no event
119,2011-05-28,Saturday,1,d_120,no event
120,2011-05-29,Sunday,2,d_121,no event
121,2011-05-30,Monday,3,d_122,no event
122,2011-05-31,Tuesday,4,d_123,no event
123,2011-06-01,Wednesday,5,d_124,no event
124,2011-06-02,Thursday,6,d_125,no event
125,2011-06-03,Friday,7,d_126,no event
126,2011-06-04,Saturday,1,d_127,no event
127,2011-06-05,Sunday,2,d_128,no event
128,2011-06-06,Monday,3,d_129,no event
129,2011-06-07,Tuesday,4,d_130,no event
130,2011-06-08,Wednesday,5,d_131,no event
131,2011-06-09,Thursday,6,d_132,no event
132,2011-06-10,Friday,7,d_133,no event
133,2011-06-11,Saturday,1,d_134,no event
134,2011-06-12,Sunday,2,d_135,no event
135,2011-06-13,Monday,3,d_136,no event
136,2011-06-14,Tuesday,4,d_137,no event
137,2011-06-15,Wednesday,5,d_138,no event
138,2011-06-16,Thursday,6,d_139,no event
139,2011-06-17,Friday,7,d_140,no event
140,2011-06-18,Saturday,1,d_141,no event
141,2011-06-19,Sunday,2,d_142,no event
142,2011-06-20,Monday,3,d_143,no event
143,2011-06-21,Tuesday,4,d_144,no event
144,2011-06-22,Wednesday,5,d_145,no event
145,2011-06-23,Thursday,6,d_146,no event
146,2011-06-24,Friday,7,d_147,no event
147,2011-06-25,Saturday,1,d_148,no event
148,2011-06-26,Sunday,2,d_149,no event
149,2011-06-27,Monday,3,d_150,no event
150,2011-06-28,Tuesday,4,d_151,no event
151,2011-06-29,Wednesday,5,d_152,no event
152,2011-06-30,Thursday,6,d_153,no event
153,2011-07-01,Friday,7,d_154,no event
154,2011-07-02,Saturday,1,d_155,no event
155,2011-07-03,Sunday,2,d_156,no event
156,2011-07-04,Monday,3,d_157,no event
157,2011-07-05,Tuesday,4,d_158,no event
158,2011-07-06,Wednesday,5,d_159,no event
159,2011-07-07,Thursday,6,d_160,no event
160,2011-07-08,Friday,7,d_161,no event
161,2011-07-09,Saturday,1,d_162,no event
162,2011-07-10,Sunday,2,d_163,no event
163,2011-07-11,Monday,3,d_164,no event
164,2011-07-12,Tuesday,4,d_165,no event
165,2011-07-13,Wednesday,5,d_166,no event
166,2011-07-14,Thursday,6,d_167,no event
167,2011-07-15,Friday,7,d_168,no event
168,2011-07-16,Saturday,1,d_169,no event
169,2011-07-17,Sunday,2,d_170,no event
170,2011-07-18,Monday,3,d_171,no event
171,2011-07-19,Tuesday,4,d_172,no event
172,2011-07-20,Wednesday,5,d_173,no event
173,2011-07-21,Thursday,6,d_174,no event
174,2011-07-22,Friday,7,d_175,no event
175,2011-07-23,Saturday,1,d_176,no event
176,2011-07-24,Sunday,2,d_177,no event
177,2011-07-25,Monday,3,d_178,no event
178,2011-07-26,Tuesday,4,d_179,no event
179,2011-07-27,Wednesday,5,d_180,no event
180,2011-07-28,Thursday,6,d_181,no event
181,2011-07-29,Friday,7,d_182,no event
182,2011-07-30,Saturday,1,d_183,no event
183,2011-07-31,Sunday,2,d_184,no event
184,2011-08-01,Monday,3,d_185,Ramadan starts
185,2011-08-02,Tuesday,4,d_186,no event
186,2011-08-03,Wednesday,5,d_187,no event
187,2011-08-04,Thursday,6,d_188,no event
188,2011-08-05,Friday,7,d_189,no event
189,2011-08-06,Saturday,1,d_190,no event
190,2011-08-07,Sunday,2,d_191,no event
191,2011-08-08,Monday,3,d_192,no event
192,2011-08-09,Tuesday,4,d_193,no event
193,2011-08-10,Wednesday,5,d_194,no event
194,2011-08-11,Thursday,6,d_195,no event
195,2011-08-12,Friday,7,d_196,no event
196,2011-08-13,Saturday,1,d_197,no event
197,2011-08-14,Sunday,2,d_198,no event
198,2011-08-15,Monday,3,d_199,no event
199,2011-08-16,Tuesday,4,d_200,no event
200,2011-08-17,Wednesday,5,d_201,no event
201,2011-08-18,Thursday,6,d_202,no event
202,2011-08-19,Friday,7,d_203,no event
203,2011-08-20,Saturday,1,d_204,no event
204,2011-08-21,Sunday,2,d_205,no event
205,2011-08-22,Monday,3,d_206,no event
206,2011-08-23,Tuesday,4,d_207,no event
207,2011-08-24,Wednesday,5,d_208,no event
208,2011-08-25,Thursday,6,d_209,no event
209,2011-08-26,Friday,7,d_210,no event
210,2011-08-27,Saturday,1,d_211,no event
211,2011-08-28,Sunday,2,d_212,no event
212,2011-08-29,Monday,3,d_213,no event
213,2011-08-30,Tuesday,4,d_214,no event
214,2011-08-31,Wednesday,5,d_215,no event
215,2011-09-01,Thursday,6,d_216,no event
216,2011-09-02,Friday,7,d_217,no event
217,2011-09-03,Saturday,1,d_218,no event
218,2011-09-04,Sunday,2,d_219,no event
219,2011-09-05,Monday,3,d_220,no event
220,2011-09-06,Tuesday,4,d_221,no event
221,2011-09-07,Wednesday,5,d_222,no event
222,2011-09-08,Thursday,6,d_223,no event
223,2011-09-09,Friday,7,d_224,no event
224,2011-09-10,Saturday,1,d_225,no event
225,2011-09-11,Sunday,2,d_226,no event
226,2011-09-12,Monday,3,d_227,no event
227,2011-09-13,Tuesday,4,d_228,no event
228,2011-09-14,Wednesday,5,d_229,no event
229,2011-09-15,Thursday,6,d_230,no event
230,2011-09-16,Friday,7,d_231,no event
231,2011-09-17,Saturday,1,d_232,no event
232,2011-09-18,Sunday,2,d_233,no event
233,2011-09-19,Monday,3,d_234,no event
234,2011-09-20,Tuesday,4,d_235,no event
235,2011-09-21,Wednesday,5,d_236,no event
236,2011-09-22,Thursday,6,d_237,no event
237,2011-09-23,Friday,7,d_238,no event
238,2011-09-24,Saturday,1,d_239,no event
239,2011-09-25,Sunday,2,d_240,no event
240,2011-09-26,Monday,3,d_241,no event
241,2011-09-27,Tuesday,4,d_242,no event
242,2011-09-28,Wednesday,5,d_243,no event
243,2011-09-29,Thursday,6,d_244,no event
244,2011-09-30,Friday,7,d_245,no event
245,2011-10-01,Saturday,1,d_246,no event
246,2011-10-02,Sunday,2,d_247,no event
247,2011-10-03,Monday,3,d_248,no event
248,2011-10-04,Tuesday,4,d_249,no event
249,2011-10-05,Wednesday,5,d_250,no event
250,2011-10-06,Thursday,6,d_251,no event
251,2011-10-07,Friday,7,d_252,no event
252,2011-10-08,Saturday,1,d_253,no event
253,2011-10-09,Sunday,2,d_254,no event
254,2011-10-10,Monday,3,d_255,no event
255,2011-10-11,Tuesday,4,d_256,no event
256,2011-10-12,Wednesday,5,d_257,no event
257,2011-10-13,Thursday,6,d_258,no event
258,2011-10-14,Friday,7,d_259,no event
259,2011-10-15,Saturday,1,d_260,no event
260,2011-10-16,Sunday,2,d_261,no event
261,2011-10-17,Monday,3,d_262,no event
262,2011-10-18,Tuesday,4,d_263,no event
263,2011-10-19,Wednesday,5,d_264,no event
264,2011-10-20,Thursday,6,d_265,no event
265,2011-10-21,Friday,7,d_266,no event
266,2011-10-22,Saturday,1,d_267,no event
267,2011-10-23,Sunday,2,d_268,no event
268,2011-10-24,Monday,3,d_269,no event
269,2011-10-25,Tuesday,4,d_270,no event
270,2011-10-26,Wednesday,5,d_271,no event
271,2011-10-27,Thursday,6,d_272,no event
272,2011-10-28,Friday,7,d_273,no event
273,2011-10-29,Saturday,1,d_274,no event
274,2011-10-30,Sunday,2,d_275,no event
275,2011-10-31,Monday,3,d_276,no event
276,2011-11-01,Tuesday,4,d_277,no event
277,2011-11-02,Wednesday,5,d_278,no event
278,2011-11-03,Thursday,6,d_279,no event
279,2011-11-04,Friday,7,d_280,no event
280,2011-11-05,Saturday,1,d_281,no event
281,2011-11-06,Sunday,2,d_282,no event
282,2011-11-07,Monday,3,d_283,no event
283,2011-11-08,Tuesday,4,d_284,no event
284,2011-11-09,Wednesday,5,d_285,no event
285,2011-11-10,Thursday,6,d_286,no event
286,2011-11-11,Friday,7,d_287,no event
287,2011-11-12,Saturday,1,d_288,no event
288,2011-11-13,Sunday,2,d_289,no event
289,2011-11-14,Monday,3,d_290,no event
290,2011-11-15,Tuesday,4,d_291,no event
291,2011-11-16,Wednesday,5,d_292,no event
292,2011-11-17,Thursday,6,d_293,no event
293,2011-11-18,Friday,7,d_294,no event
294,2011-11-19,Saturday,1,d_295,no event
295,2011-11-20,Sunday,2,d_296,no event
296,2011-11-21,Monday,3,d_297,no event
297,2011-11-22,Tuesday,4,d_298,no event
298,2011-11-23,Wednesday,5,d_299,no event
299,2011-11-24,Thursday,6,d_300,Thanksgiving
300,2011-11-25,Friday,7,d_301,no event
301,2011-11-26,Saturday,1,d_302,no event
302,2011-11-27,Sunday,2,d_303,no event
303,2011-11-28,Monday,3,d_304,no event
304,2011-11-29,Tuesday,4,d_305,no event
305,2011-11-30,Wednesday,5,d_306,no event
306,2011-12-01,Thursday,6,d_307,no event
307,2011-12-02,Friday,7,d_308,no event
308,2011-12-03,Saturday,1,d_309,no event
309,2011-12-04,Sunday,2,d_310,no event
310,2011-12-05,Monday,3,d_311,no event
311,2011-12-06,Tuesday,4,d_312,no event
312,2011-12-07,Wednesday,5,d_313,no event
313,2011-12-08,Thursday,6,d_314,no event
314,2011-12-09,Friday,7,d_315,no event
315,2011-12-10,Saturday,1,d_316,no event
316,2011-12-11,Sunday,2,d_317,no event
317,2011-12-12,Monday,3,d_318,no event
318,2011-12-13,Tuesday,4,d_319,no event
319,2011-12-14,Wednesday,5,d_320,no event
320,2011-12-15,Thursday,6,d_321,no event
321,2011-12-16,Friday,7,d_322,no event
322,2011-12-17,Saturday,1,d_323,no event
323,2011-12-18,Sunday,2,d_324,no event
324,2011-12-19,Monday,3,d_325,no event
325,2011-12-20,Tuesday,4,d_326,no event
326,2011-12-21,Wednesday,5,d_327,no event
327,2011-12-22,Thursday,6,d_328,no event
328,2011-12-23,Friday,7,d_329,no event
329,2011-12-24,Saturday,1,d_330,no event
330,2011-12-25,Sunday,2,d_331,no event
331,2011-12-26,Monday,3,d_332,no event
332,2011-12-27,Tuesday,4,d_333,no event
333,2011-12-28,Wednesday,5,d_334,no event
334,2011-12-29,Thursday,6,d_335,no event
335,2011-12-30,Friday,7,d_336,no event
336,2011-12-31,Saturday,1,d_337,no event
337,2012-01-01,Sunday,2,d_338,NewYear
338,2012-01-02,Monday,3,d_339,no event
339,2012-01-03,Tuesday,4,d_340,no event
340,2012-01-04,Wednesday,5,d_341,no event
341,2012-01-05,Thursday,6,d_342,no event
342,2012-01-06,Friday,7,d_343,no event
343,2012-01-07,Saturday,1,d_344,no event
344,2012-01-08,Sunday,2,d_345,no event
345,2012-01-09,Monday,3,d_346,no event
346,2012-01-10,Tuesday,4,d_347,no event
347,2012-01-11,Wednesday,5,d_348,no event
348,2012-01-12,Thursday,6,d_349,no event
349,2012-01-13,Friday,7,d_350,no event
350,2012-01-14,Saturday,1,d_351,no event
351,2012-01-15,Sunday,2,d_352,no event
352,2012-01-16,Monday,3,d_353,no event
353,2012-01-17,Tuesday,4,d_354,no event
354,2012-01-18,Wednesday,5,d_355,no event
355,2012-01-19,Thursday,6,d_356,no event
356,2012-01-20,Friday,7,d_357,no event
357,2012-01-21,Saturday,1,d_358,no event
358,2012-01-22,Sunday,2,d_359,no event
359,2012-01-23,Monday,3,d_360,no event
360,2012-01-24,Tuesday,4,d_361,no event
361,2012-01-25,Wednesday,5,d_362,no event
362,2012-01-26,Thursday,6,d_363,no event
363,2012-01-27,Friday,7,d_364,no event
364,2012-01-28,Saturday,1,d_365,no event
365,2012-01-29,Sunday,2,d_366,no event
366,2012-01-30,Monday,3,d_367,no event
367,2012-01-31,Tuesday,4,d_368,no event
368,2012-02-01,Wednesday,5,d_369,no event
369,2012-02-02,Thursday,6,d_370,no event
370,2012-02-03,Friday,7,d_371,no event
371,2012-02-04,Saturday,1,d_372,no event
372,2012-02-05,Sunday,2,d_373,SuperBowl
373,2012-02-06,Monday,3,d_374,no event
374,2012-02-07,Tuesday,4,d_375,no event
375,2012-02-08,Wednesday,5,d_376,no event
376,2012-02-09,Thursday,6,d_377,no event
377,2012-02-10,Friday,7,d_378,no event
378,2012-02-11,Saturday,1,d_379,no event
379,2012-02-12,Sunday,2,d_380,no event
380,2012-02-13,Monday,3,d_381,no event
381,2012-02-14,Tuesday,4,d_382,no event
382,2012-02-15,Wednesday,5,d_383,no event
383,2012-02-16,Thursday,6,d_384,no event
384,2012-02-17,Friday,7,d_385,no event
385,2012-02-18,Saturday,1,d_386,no event
386,2012-02-19,Sunday,2,d_387,no event
387,2012-02-20,Monday,3,d_388,no event
388,2012-02-21,Tuesday,4,d_389,no event
389,2012-02-22,Wednesday,5,d_390,no event
390,2012-02-23,Thursday,6,d_391,no event
391,2012-02-24,Friday,7,d_392,no event
392,2012-02-25,Saturday,1,d_393,no event
393,2012-02-26,Sunday,2,d_394,no event
394,2012-02-27,Monday,3,d_395,no event
395,2012-02-28,Tuesday,4,d_396,no event
396,2012-02-29,Wednesday,5,d_397,no event
397,2012-03-01,Thursday,6,d_398,no event
398,2012-03-02,Friday,7,d_399,no event
399,2012-03-03,Saturday,1,d_400,no event
400,2012-03-04,Sunday,2,d_401,no event
401,2012-03-05,Monday,3,d_402,no event
402,2012-03-06,Tuesday,4,d_403,no event
403,2012-03-07,Wednesday,5,d_404,no event
404,2012-03-08,Thursday,6,d_405,no event
405,2012-03-09,Friday,7,d_406,no event
406,2012-03-10,Saturday,1,d_407,no event
407,2012-03-11,Sunday,2,d_408,no event
408,2012-03-12,Monday,3,d_409,no event
409,2012-03-13,Tuesday,4,d_410,no event
410,2012-03-14,Wednesday,5,d_411,no event
411,2012-03-15,Thursday,6,d_412,no event
412,2012-03-16,Friday,7,d_413,no event
413,2012-03-17,Saturday,1,d_414,no event
414,2012-03-18,Sunday,2,d_415,no event
415,2012-03-19,Monday,3,d_416,no event
416,2012-03-20,Tuesday,4,d_417,no event
417,2012-03-21,Wednesday,5,d_418,no event
418,2012-03-22,Thursday,6,d_419,no event
419,2012-03-23,Friday,7,d_420,no event
420,2012-03-24,Saturday,1,d_421,no event
421,2012-03-25,Sunday,2,d_422,no event
422,2012-03-26,Monday,3,d_423,no event
423,2012-03-27,Tuesday,4,d_424,no event
424,2012-03-28,Wednesday,5,d_425,no event
425,2012-03-29,Thursday,6,d_426,no event
426,2012-03-30,Friday,7,d_427,no event
427,2012-03-31,Saturday,1,d_428,no event
428,2012-04-01,Sunday,2,d_429,no event
429,2012-04-02,Monday,3,d_430,no event
430,2012-04-03,Tuesday,4,d_431,no event
431,2012-04-04,Wednesday,5,d_432,no event
432,2012-04-05,Thursday,6,d_433,no event
433,2012-04-06,Friday,7,d_434,no event
434,2012-04-07,Saturday,1,d_435,no event
435,2012-04-08,Sunday,2,d_436,Easter
436,2012-04-09,Monday,3,d_437,no event
437,2012-04-10,Tuesday,4,d_438,no event
438,2012-04-11,Wednesday,5,d_439,no event
439,2012-04-12,Thursday,6,d_440,no event
440,2012-04-13,Friday,7,d_441,no event
441,2012-04-14,Saturday,1,d_442,no event
442,2012-04-15,Sunday,2,d_443,no event
443,2012-04-16,Monday,3,d_444,no event
444,2012-04-17,Tuesday,4,d_445,no event
445,2012-04-18,Wednesday,5,d_446,no event
446,2012-04-19,Thursday,6,d_447,no event
447,2012-04-20,Friday,7,d_448,no event
448,2012-04-21,Saturday,1,d_449,no event
449,2012-04-22,Sunday,2,d_450,no event
450,2012-04-23,Monday,3,d_451,no event
451,2012-04-24,Tuesday,4,d_452,no event
452,2012-04-25,Wednesday,5,d_453,no event
453,2012-04-26,Thursday,6,d_454,no event
454,2012-04-27,Friday,7,d_455,no event
455,2012-04-28,Saturday,1,d_456,no event
456,2012-04-29,Sunday,2,d_457,no event
457,2012-04-30,Monday,3,d_458,no event
458,2012-05-01,Tuesday,4,d_459,no event
459,2012-05-02,Wednesday,5,d_460,no event
460,2012-05-03,Thursday,6,d_461,no event
461,2012-05-04,Friday,7,d_462,no event
462,2012-05-05,Saturday,1,d_463,no event
463,2012-05-06,Sunday,2,d_464,no event
464,2012-05-07,Monday,3,d_465,no event
465,2012-05-08,Tuesday,4,d_466,no event
466,2012-05-09,Wednesday,5,d_467,no event
467,2012-05-10,Thursday,6,d_468,no event
468,2012-05-11,Friday,7,d_469,no event
469,2012-05-12,Saturday,1,d_470,no event
470,2012-05-13,Sunday,2,d_471,no event
471,2012-05-14,Monday,3,d_472,no event
472,2012-05-15,Tuesday,4,d_473,no event
473,2012-05-16,Wednesday,5,d_474,no event
474,2012-05-17,Thursday,6,d_475,no event
475,2012-05-18,Friday,7,d_476,no event
476,2012-05-19,Saturday,1,d_477,no event
477,2012-05-20,Sunday,2,d_478,no event
478,2012-05-21,Monday,3,d_479,no event
479,2012-05-22,Tuesday,4,d_480,no event
480,2012-05-23,Wednesday,5,d_481,no event
481,2012-05-24,Thursday,6,d_482,no event
482,2012-05-25,Friday,7,d_483,no event
483,2012-05-26,Saturday,1,d_484,no event
484,2012-05-27,Sunday,2,d_485,no event
485,2012-05-28,Monday,3,d_486,no event
486,2012-05-29,Tuesday,4,d_487,no event
487,2012-05-30,Wednesday,5,d_488,no event
488,2012-05-31,Thursday,6,d_489,no event
489,2012-06-01,Friday,7,d_490,no event
490,2012-06-02,Saturday,1,d_491,no event
491,2012-06-03,Sunday,2,d_492,no event
492,2012-06-04,Monday,3,d_493,no event
493,2012-06-05,Tuesday,4,d_494,no event
494,2012-06-06,Wednesday,5,d_495,no event
495,2012-06-07,Thursday,6,d_496,no event
496,2012-06-08,Friday,7,d_497,no event
497,2012-06-09,Saturday,1,d_498,no event
498,2012-06-10,Sunday,2,d_499,no event
499,2012-06-11,Monday,3,d_500,no event
500,2012-06-12,Tuesday,4,d_501,no event
501,2012-06-13,Wednesday,5,d_502,no event
502,2012-06-14,Thursday,6,d_503,no event
503,2012-06-15,Friday,7,d_504,no event
504,2012-06-16,Saturday,1,d_505,no event
505,2012-06-17,Sunday,2,d_506,no event
506,2012-06-18,Monday,3,d_507,no event
507,2012-06-19,Tuesday,4,d_508,no event
508,2012-06-20,Wednesday,5,d_509,no event
509,2012-06-21,Thursday,6,d_510,no event
510,2012-06-22,Friday,7,d_511,no event
511,2012-06-23,Saturday,1,d_512,no event
512,2012-06-24,Sunday,2,d_513,no event
513,2012-06-25,Monday,3,d_514,no event
514,2012-06-26,Tuesday,4,d_515,no event
515,2012-06-27,Wednesday,5,d_516,no event
516,2012-06-28,Thursday,6,d_517,no event
517,2012-06-29,Friday,7,d_518,no event
518,2012-06-30,Saturday,1,d_519,no event
519,2012-07-01,Sunday,2,d_520,no event
520,2012-07-02,Monday,3,d_521,no event
521,2012-07-03,Tuesday,4,d_522,no event
522,2012-07-04,Wednesday,5,d_523,no event
523,2012-07-05,Thursday,6,d_524,no event
524,2012-07-06,Friday,7,d_525,no event
525,2012-07-07,Saturday,1,d_526,no event
526,2012-07-08,Sunday,2,d_527,no event
527,2012-07-09,Monday,3,d_528,no event
528,2012-07-10,Tuesday,4,d_529,no event
529,2012-07-11,Wednesday,5,d_530,no event
530,2012-07-12,Thursday,6,d_531,no event
531,2012-07-13,Friday,7,d_532,no event
532,2012-07-14,Saturday,1,d_533,no event
533,2012-07-15,Sunday,2,d_534,no event
534,2012-07-16,Monday,3,d_535,no event
535,2012-07-17,Tuesday,4,d_536,no event
536,2012-07-18,Wednesday,5,d_537,no event
537,2012-07-19,Thursday,6,d_538,no event
538,2012-07-20,Friday,7,d_539,Ramadan starts
539,2012-07-21,Saturday,1,d_540,no event
540,2012-07-22,Sunday,2,d_541,no event
541,2012-07-23,Monday,3,d_542,no event
542,2012-07-24,Tuesday,4,d_543,no event
543,2012-07-25,Wednesday,5,d_544,no event
544,2012-07-26,Thursday,6,d_545,no event
545,2012-07-27,Friday,7,d_546,no event
546,2012-07-28,Saturday,1,d_547,no event
547,2012-07-29,Sunday,2,d_548,no event
548,2012-07-30,Monday,3,d_549,no event
549,2012-07-31,Tuesday,4,d_550,no event
550,2012-08-01,Wednesday,5,d_551,no event
551,2012-08-02,Thursday,6,d_552,no event
552,2012-08-03,Friday,7,d_553,no event
553,2012-08-04,Saturday,1,d_554,no event
554,2012-08-05,Sunday,2,d_555,no event
555,2012-08-06,Monday,3,d_556,no event
556,2012-08-07,Tuesday,4,d_557,no event
557,2012-08-08,Wednesday,5,d_558,no event
558,2012-08-09,Thursday,6,d_559,no event
559,2012-08-10,Friday,7,d_560,no event
560,2012-08-11,Saturday,1,d_561,no event
561,2012-08-12,Sunday,2,d_562,no event
562,2012-08-13,Monday,3,d_563,no event
563,2012-08-14,Tuesday,4,d_564,no event
564,2012-08-15,Wednesday,5,d_565,no event
565,2012-08-16,Thursday,6,d_566,no event
566,2012-08-17,Friday,7,d_567,no event
567,2012-08-18,Saturday,1,d_568,no event
568,2012-08-19,Sunday,2,d_569,no event
569,2012-08-20,Monday,3,d_570,no event
570,2012-08-21,Tuesday,4,d_571,no event
571,2012-08-22,Wednesday,5,d_572,no event
572,2012-08-23,Thursday,6,d_573,no event
573,2012-08-24,Friday,7,d_574,no event
574,2012-08-25,Saturday,1,d_575,no event
575,2012-08-26,Sunday,2,d_576,no event
576,2012-08-27,Monday,3,d_577,no event
577,2012-08-28,Tuesday,4,d_578,no event
578,2012-08-29,Wednesday,5,d_579,no event
579,2012-08-30,Thursday,6,d_580,no event
580,2012-08-31,Friday,7,d_581,no event
581,2012-09-01,Saturday,1,d_582,no event
582,2012-09-02,Sunday,2,d_583,no event
583,2012-09-03,Monday,3,d_584,no event
584,2012-09-04,Tuesday,4,d_585,no event
585,2012-09-05,Wednesday,5,d_586,no event
586,2012-09-06,Thursday,6,d_587,no event
587,2012-09-07,Friday,7,d_588,no event
588,2012-09-08,Saturday,1,d_589,no event
589,2012-09-09,Sunday,2,d_590,no event
590,2012-09-10,Monday,3,d_591,no event
591,2012-09-11,Tuesday,4,d_592,no event
592,2012-09-12,Wednesday,5,d_593,no event
593,2012-09-13,Thursday,6,d_594,no event
594,2012-09-14,Friday,7,d_595,no event
595,2012-09-15,Saturday,1,d_596,no event
596,2012-09-16,Sunday,2,d_597,no event
597,2012-09-17,Monday,3,d_598,no event
598,2012-09-18,Tuesday,4,d_599,no event
599,2012-09-19,Wednesday,5,d_600,no event
600,2012-09-20,Thursday,6,d_601,no event
601,2012-09-21,Friday,7,d_602,no event
602,2012-09-22,Saturday,1,d_603,no event
603,2012-09-23,Sunday,2,d_604,no event
604,2012-09-24,Monday,3,d_605,no event
605,2012-09-25,Tuesday,4,d_606,no event
606,2012-09-26,Wednesday,5,d_607,no event
607,2012-09-27,Thursday,6,d_608,no event
608,2012-09-28,Friday,7,d_609,no event
609,2012-09-29,Saturday,1,d_610,no event
610,2012-09-30,Sunday,2,d_611,no event
611,2012-10-01,Monday,3,d_612,no event
612,2012-10-02,Tuesday,4,d_613,no event
613,2012-10-03,Wednesday,5,d_614,no event
614,2012-10-04,Thursday,6,d_615,no event
615,2012-10-05,Friday,7,d_616,no event
616,2012-10-06,Saturday,1,d_617,no event
617,2012-10-07,Sunday,2,d_618,no event
618,2012-10-08,Monday,3,d_619,no event
619,2012-10-09,Tuesday,4,d_620,no event
620,2012-10-10,Wednesday,5,d_621,no event
621,2012-10-11,Thursday,6,d_622,no event
622,2012-10-12,Friday,7,d_623,no event
623,2012-10-13,Saturday,1,d_624,no event
624,2012-10-14,Sunday,2,d_625,no event
625,2012-10-15,Monday,3,d_626,no event
626,2012-10-16,Tuesday,4,d_627,no event
627,2012-10-17,Wednesday,5,d_628,no event
628,2012-10-18,Thursday,6,d_629,no event
629,2012-10-19,Friday,7,d_630,no event
630,2012-10-20,Saturday,1,d_631,no event
631,2012-10-21,Sunday,2,d_632,no event
632,2012-10-22,Monday,3,d_633,no event
633,2012-10-23,Tuesday,4,d_634,no event
634,2012-10-24,Wednesday,5,d_635,no event
635,2012-10-25,Thursday,6,d_636,no event
636,2012-10-26,Friday,7,d_637,no event
637,2012-10-27,Saturday,1,d_638,no event
638,2012-10-28,Sunday,2,d_639,no event
639,2012-10-29,Monday,3,d_640,no event
640,2012-10-30,Tuesday,4,d_641,no event
641,2012-10-31,Wednesday,5,d_642,no event
642,2012-11-01,Thursday,6,d_643,no event
643,2012-11-02,Friday,7,d_644,no event
644,2012-11-03,Saturday,1,d_645,no event
645,2012-11-04,Sunday,2,d_646,no event
646,2012-11-05,Monday,3,d_647,no event
647,2012-11-06,Tuesday,4,d_648,no event
648,2012-11-07,Wednesday,5,d_649,no event
649,2012-11-08,Thursday,6,d_650,no event
650,2012-11-09,Friday,7,d_651,no event
651,2012-11-10,Saturday,1,d_652,no event
652,2012-11-11,Sunday,2,d_653,no event
653,2012-11-12,Monday,3,d_654,no event
654,2012-11-13,Tuesday,4,d_655,no event
655,2012-11-14,Wednesday,5,d_656,no event
656,2012-11-15,Thursday,6,d_657,no event
657,2012-11-16,Friday,7,d_658,no event
658,2012-11-17,Saturday,1,d_659,no event
659,2012-11-18,Sunday,2,d_660,no event
660,2012-11-19,Monday,3,d_661,no event
661,2012-11-20,Tuesday,4,d_662,no event
662,2012-11-21,Wednesday,5,d_663,no event
663,2012-11-22,Thursday,6,d_664,Thanksgiving
664,2012-11-23,Friday,7,d_665,no event
665,2012-11-24,Saturday,1,d_666,no event
666,2012-11-25,Sunday,2,d_667,no event
667,2012-11-26,Monday,3,d_668,no event
668,2012-11-27,Tuesday,4,d_669,no event
669,2012-11-28,Wednesday,5,d_670,no event
670,2012-11-29,Thursday,6,d_671,no event
671,2012-11-30,Friday,7,d_672,no event
672,2012-12-01,Saturday,1,d_673,no event
673,2012-12-02,Sunday,2,d_674,no event
674,2012-12-03,Monday,3,d_675,no event
675,2012-12-04,Tuesday,4,d_676,no event
676,2012-12-05,Wednesday,5,d_677,no event
677,2012-12-06,Thursday,6,d_678,no event
678,2012-12-07,Friday,7,d_679,no event
679,2012-12-08,Saturday,1,d_680,no event
680,2012-12-09,Sunday,2,d_681,no event
681,2012-12-10,Monday,3,d_682,no event
682,2012-12-11,Tuesday,4,d_683,no event
683,2012-12-12,Wednesday,5,d_684,no event
684,2012-12-13,Thursday,6,d_685,no event
685,2012-12-14,Friday,7,d_686,no event
686,2012-12-15,Saturday,1,d_687,no event
687,2012-12-16,Sunday,2,d_688,no event
688,2012-12-17,Monday,3,d_689,no event
689,2012-12-18,Tuesday,4,d_690,no event
690,2012-12-19,Wednesday,5,d_691,no event
691,2012-12-20,Thursday,6,d_692,no event
692,2012-12-21,Friday,7,d_693,no event
693,2012-12-22,Saturday,1,d_694,no event
694,2012-12-23,Sunday,2,d_695,no event
695,2012-12-24,Monday,3,d_696,no event
696,2012-12-25,Tuesday,4,d_697,no event
697,2012-12-26,Wednesday,5,d_698,no event
698,2012-12-27,Thursday,6,d_699,no event
699,2012-12-28,Friday,7,d_700,no event
700,2012-12-29,Saturday,1,d_701,no event
701,2012-12-30,Sunday,2,d_702,no event
702,2012-12-31,Monday,3,d_703,no event
703,2013-01-01,Tuesday,4,d_704,NewYear
704,2013-01-02,Wednesday,5,d_705,no event
705,2013-01-03,Thursday,6,d_706,no event
706,2013-01-04,Friday,7,d_707,no event
707,2013-01-05,Saturday,1,d_708,no event
708,2013-01-06,Sunday,2,d_709,no event
709,2013-01-07,Monday,3,d_710,no event
710,2013-01-08,Tuesday,4,d_711,no event
711,2013-01-09,Wednesday,5,d_712,no event
712,2013-01-10,Thursday,6,d_713,no event
713,2013-01-11,Friday,7,d_714,no event
714,2013-01-12,Saturday,1,d_715,no event
715,2013-01-13,Sunday,2,d_716,no event
716,2013-01-14,Monday,3,d_717,no event
717,2013-01-15,Tuesday,4,d_718,no event
718,2013-01-16,Wednesday,5,d_719,no event
719,2013-01-17,Thursday,6,d_720,no event
720,2013-01-18,Friday,7,d_721,no event
721,2013-01-19,Saturday,1,d_722,no event
722,2013-01-20,Sunday,2,d_723,no event
723,2013-01-21,Monday,3,d_724,no event
724,2013-01-22,Tuesday,4,d_725,no event
725,2013-01-23,Wednesday,5,d_726,no event
726,2013-01-24,Thursday,6,d_727,no event
727,2013-01-25,Friday,7,d_728,no event
728,2013-01-26,Saturday,1,d_729,no event
729,2013-01-27,Sunday,2,d_730,no event
730,2013-01-28,Monday,3,d_731,no event
731,2013-01-29,Tuesday,4,d_732,no event
732,2013-01-30,Wednesday,5,d_733,no event
733,2013-01-31,Thursday,6,d_734,no event
734,2013-02-01,Friday,7,d_735,no event
735,2013-02-02,Saturday,1,d_736,no event
736,2013-02-03,Sunday,2,d_737,SuperBowl
737,2013-02-04,Monday,3,d_738,no event
738,2013-02-05,Tuesday,4,d_739,no event
739,2013-02-06,Wednesday,5,d_740,no event
740,2013-02-07,Thursday,6,d_741,no event
741,2013-02-08,Friday,7,d_742,no event
742,2013-02-09,Saturday,1,d_743,no event
743,2013-02-10,Sunday,2,d_744,no event
744,2013-02-11,Monday,3,d_745,no event
745,2013-02-12,Tuesday,4,d_746,no event
746,2013-02-13,Wednesday,5,d_747,no event
747,2013-02-14,Thursday,6,d_748,no event
748,2013-02-15,Friday,7,d_749,no event
749,2013-02-16,Saturday,1,d_750,no event
750,2013-02-17,Sunday,2,d_751,no event
751,2013-02-18,Monday,3,d_752,no event
752,2013-02-19,Tuesday,4,d_753,no event
753,2013-02-20,Wednesday,5,d_754,no event
754,2013-02-21,Thursday,6,d_755,no event
755,2013-02-22,Friday,7,d_756,no event
756,2013-02-23,Saturday,1,d_757,no event
757,2013-02-24,Sunday,2,d_758,no event
758,2013-02-25,Monday,3,d_759,no event
759,2013-02-26,Tuesday,4,d_760,no event
760,2013-02-27,Wednesday,5,d_761,no event
761,2013-02-28,Thursday,6,d_762,no event
762,2013-03-01,Friday,7,d_763,no event
763,2013-03-02,Saturday,1,d_764,no event
764,2013-03-03,Sunday,2,d_765,no event
765,2013-03-04,Monday,3,d_766,no event
766,2013-03-05,Tuesday,4,d_767,no event
767,2013-03-06,Wednesday,5,d_768,no event
768,2013-03-07,Thursday,6,d_769,no event
769,2013-03-08,Friday,7,d_770,no event
770,2013-03-09,Saturday,1,d_771,no event
771,2013-03-10,Sunday,2,d_772,no event
772,2013-03-11,Monday,3,d_773,no event
773,2013-03-12,Tuesday,4,d_774,no event
774,2013-03-13,Wednesday,5,d_775,no event
775,2013-03-14,Thursday,6,d_776,no event
776,2013-03-15,Friday,7,d_777,no event
777,2013-03-16,Saturday,1,d_778,no event
778,2013-03-17,Sunday,2,d_779,no event
779,2013-03-18,Monday,3,d_780,no event
780,2013-03-19,Tuesday,4,d_781,no event
781,2013-03-20,Wednesday,5,d_782,no event
782,2013-03-21,Thursday,6,d_783,no event
783,2013-03-22,Friday,7,d_784,no event
784,2013-03-23,Saturday,1,d_785,no event
785,2013-03-24,Sunday,2,d_786,no event
786,2013-03-25,Monday,3,d_787,no event
787,2013-03-26,Tuesday,4,d_788,no event
788,2013-03-27,Wednesday,5,d_789,no event
789,2013-03-28,Thursday,6,d_790,no event
790,2013-03-29,Friday,7,d_791,no event
791,2013-03-30,Saturday,1,d_792,no event
792,2013-03-31,Sunday,2,d_793,Easter
793,2013-04-01,Monday,3,d_794,no event
794,2013-04-02,Tuesday,4,d_795,no event
795,2013-04-03,Wednesday,5,d_796,no event
796,2013-04-04,Thursday,6,d_797,no event
797,2013-04-05,Friday,7,d_798,no event
798,2013-04-06,Saturday,1,d_799,no event
799,2013-04-07,Sunday,2,d_800,no event
800,2013-04-08,Monday,3,d_801,no event
801,2013-04-09,Tuesday,4,d_802,no event
802,2013-04-10,Wednesday,5,d_803,no event
803,2013-04-11,Thursday,6,d_804,no event
804,2013-04-12,Friday,7,d_805,no event
805,2013-04-13,Saturday,1,d_806,no event
806,2013-04-14,Sunday,2,d_807,no event
807,2013-04-15,Monday,3,d_808,no event
808,2013-04-16,Tuesday,4,d_809,no event
809,2013-04-17,Wednesday,5,d_810,no event
810,2013-04-18,Thursday,6,d_811,no event
811,2013-04-19,Friday,7,d_812,no event
812,2013-04-20,Saturday,1,d_813,no event
813,2013-04-21,Sunday,2,d_814,no event
814,2013-04-22,Monday,3,d_815,no event
815,2013-04-23,Tuesday,4,d_816,no event
816,2013-04-24,Wednesday,5,d_817,no event
817,2013-04-25,Thursday,6,d_818,no event
818,2013-04-26,Friday,7,d_819,no event
819,2013-04-27,Saturday,1,d_820,no event
820,2013-04-28,Sunday,2,d_821,no event
821,2013-04-29,Monday,3,d_822,no event
822,2013-04-30,Tuesday,4,d_823,no event
823,2013-05-01,Wednesday,5,d_824,no event
824,2013-05-02,Thursday,6,d_825,no event
825,2013-05-03,Friday,7,d_826,no event
826,2013-05-04,Saturday,1,d_827,no event
827,2013-05-05,Sunday,2,d_828,no event
828,2013-05-06,Monday,3,d_829,no event
829,2013-05-07,Tuesday,4,d_830,no event
830,2013-05-08,Wednesday,5,d_831,no event
831,2013-05-09,Thursday,6,d_832,no event
832,2013-05-10,Friday,7,d_833,no event
833,2013-05-11,Saturday,1,d_834,no event
834,2013-05-12,Sunday,2,d_835,no event
835,2013-05-13,Monday,3,d_836,no event
836,2013-05-14,Tuesday,4,d_837,no event
837,2013-05-15,Wednesday,5,d_838,no event
838,2013-05-16,Thursday,6,d_839,no event
839,2013-05-17,Friday,7,d_840,no event
840,2013-05-18,Saturday,1,d_841,no event
841,2013-05-19,Sunday,2,d_842,no event
842,2013-05-20,Monday,3,d_843,no event
843,2013-05-21,Tuesday,4,d_844,no event
844,2013-05-22,Wednesday,5,d_845,no event
845,2013-05-23,Thursday,6,d_846,no event
846,2013-05-24,Friday,7,d_847,no event
847,2013-05-25,Saturday,1,d_848,no event
848,2013-05-26,Sunday,2,d_849,no event
849,2013-05-27,Monday,3,d_850,no event
850,2013-05-28,Tuesday,4,d_851,no event
851,2013-05-29,Wednesday,5,d_852,no event
852,2013-05-30,Thursday,6,d_853,no event
853,2013-05-31,Friday,7,d_854,no event
854,2013-06-01,Saturday,1,d_855,no event
855,2013-06-02,Sunday,2,d_856,no event
856,2013-06-03,Monday,3,d_857,no event
857,2013-06-04,Tuesday,4,d_858,no event
858,2013-06-05,Wednesday,5,d_859,no event
859,2013-06-06,Thursday,6,d_860,no event
860,2013-06-07,Friday,7,d_861,no event
861,2013-06-08,Saturday,1,d_862,no event
862,2013-06-09,Sunday,2,d_863,no event
863,2013-06-10,Monday,3,d_864,no event
864,2013-06-11,Tuesday,4,d_865,no event
865,2013-06-12,Wednesday,5,d_866,no event
866,2013-06-13,Thursday,6,d_867,no event
867,2013-06-14,Friday,7,d_868,no event
868,2013-06-15,Saturday,1,d_869,no event
869,2013-06-16,Sunday,2,d_870,no event
870,2013-06-17,Monday,3,d_871,no event
871,2013-06-18,Tuesday,4,d_872,no event
872,2013-06-19,Wednesday,5,d_873,no event
873,2013-06-20,Thursday,6,d_874,no event
874,2013-06-21,Friday,7,d_875,no event
875,2013-06-22,Saturday,1,d_876,no event
876,2013-06-23,Sunday,2,d_877,no event
877,2013-06-24,Monday,3,d_878,no event
878,2013-06-25,Tuesday,4,d_879,no event
879,2013-06-26,Wednesday,5,d_880,no event
880,2013-06-27,Thursday,6,d_881,no event
881,2013-06-28,Friday,7,d_882,no event
882,2013-06-29,Saturday,1,d_883,no event
883,2013-06-30,Sunday,2,d_884,no event
884,2013-07-01,Monday,3,d_885,no event
885,2013-07-02,Tuesday,4,d_886,no event
886,2013-07-03,Wednesday,5,d_887,no event
887,2013-07-04,Thursday,6,d_888,no event
888,2013-07-05,Friday,7,d_889,no event
889,2013-07-06,Saturday,1,d_890,no event
890,2013-07-07,Sunday,2,d_891,no event
891,2013-07-08,Monday,3,d_892,no event
892,2013-07-09,Tuesday,4,d_893,Ramadan starts
893,2013-07-10,Wednesday,5,d_894,no event
894,2013-07-11,Thursday,6,d_895,no event
895,2013-07-12,Friday,7,d_896,no event
896,2013-07-13,Saturday,1,d_897,no event
897,2013-07-14,Sunday,2,d_898,no event
898,2013-07-15,Monday,3,d_899,no event
899,2013-07-16,Tuesday,4,d_900,no event
900,2013-07-17,Wednesday,5,d_901,no event
901,2013-07-18,Thursday,6,d_902,no event
902,2013-07-19,Friday,7,d_903,no event
903,2013-07-20,Saturday,1,d_904,no event
904,2013-07-21,Sunday,2,d_905,no event
905,2013-07-22,Monday,3,d_906,no event
906,2013-07-23,Tuesday,4,d_907,no event
907,2013-07-24,Wednesday,5,d_908,no event
908,2013-07-25,Thursday,6,d_909,no event
909,2013-07-26,Friday,7,d_910,no event
910,2013-07-27,Saturday,1,d_911,no event
911,2013-07-28,Sunday,2,d_912,no event
912,2013-07-29,Monday,3,d_913,no event
913,2013-07-30,Tuesday,4,d_914,no event
914,2013-07-31,Wednesday,5,d_915,no event
915,2013-08-01,Thursday,6,d_916,no event
916,2013-08-02,Friday,7,d_917,no event
917,2013-08-03,Saturday,1,d_918,no event
918,2013-08-04,Sunday,2,d_919,no event
919,2013-08-05,Monday,3,d_920,no event
920,2013-08-06,Tuesday,4,d_921,no event
921,2013-08-07,Wednesday,5,d_922,no event
922,2013-08-08,Thursday,6,d_923,no event
923,2013-08-09,Friday,7,d_924,no event
924,2013-08-10,Saturday,1,d_925,no event
925,2013-08-11,Sunday,2,d_926,no event
926,2013-08-12,Monday,3,d_927,no event
927,2013-08-13,Tuesday,4,d_928,no event
928,2013-08-14,Wednesday,5,d_929,no event
929,2013-08-15,Thursday,6,d_930,no event
930,2013-08-16,Friday,7,d_931,no event
931,2013-08-17,Saturday,1,d_932,no event
932,2013-08-18,Sunday,2,d_933,no event
933,2013-08-19,Monday,3,d_934,no event
934,2013-08-20,Tuesday,4,d_935,no event
935,2013-08-21,Wednesday,5,d_936,no event
936,2013-08-22,Thursday,6,d_937,no event
937,2013-08-23,Friday,7,d_938,no event
938,2013-08-24,Saturday,1,d_939,no event
939,2013-08-25,Sunday,2,d_940,no event
940,2013-08-26,Monday,3,d_941,no event
941,2013-08-27,Tuesday,4,d_942,no event
942,2013-08-28,Wednesday,5,d_943,no event
943,2013-08-29,Thursday,6,d_944,no event
944,2013-08-30,Friday,7,d_945,no event
945,2013-08-31,Saturday,1,d_946,no event
946,2013-09-01,Sunday,2,d_947,no event
947,2013-09-02,Monday,3,d_948,no event
948,2013-09-03,Tuesday,4,d_949,no event
949,2013-09-04,Wednesday,5,d_950,no event
950,2013-09-05,Thursday,6,d_951,no event
951,2013-09-06,Friday,7,d_952,no event
952,2013-09-07,Saturday,1,d_953,no event
953,2013-09-08,Sunday,2,d_954,no event
954,2013-09-09,Monday,3,d_955,no event
955,2013-09-10,Tuesday,4,d_956,no event
956,2013-09-11,Wednesday,5,d_957,no event
957,2013-09-12,Thursday,6,d_958,no event
958,2013-09-13,Friday,7,d_959,no event
959,2013-09-14,Saturday,1,d_960,no event
960,2013-09-15,Sunday,2,d_961,no event
961,2013-09-16,Monday,3,d_962,no event
962,2013-09-17,Tuesday,4,d_963,no event
963,2013-09-18,Wednesday,5,d_964,no event
964,2013-09-19,Thursday,6,d_965,no event
965,2013-09-20,Friday,7,d_966,no event
966,2013-09-21,Saturday,1,d_967,no event
967,2013-09-22,Sunday,2,d_968,no event
968,2013-09-23,Monday,3,d_969,no event
969,2013-09-24,Tuesday,4,d_970,no event
970,2013-09-25,Wednesday,5,d_971,no event
971,2013-09-26,Thursday,6,d_972,no event
972,2013-09-27,Friday,7,d_973,no event
973,2013-09-28,Saturday,1,d_974,no event
974,2013-09-29,Sunday,2,d_975,no event
975,2013-09-30,Monday,3,d_976,no event
976,2013-10-01,Tuesday,4,d_977,no event
977,2013-10-02,Wednesday,5,d_978,no event
978,2013-10-03,Thursday,6,d_979,no event
979,2013-10-04,Friday,7,d_980,no event
980,2013-10-05,Saturday,1,d_981,no event
981,2013-10-06,Sunday,2,d_982,no event
982,2013-10-07,Monday,3,d_983,no event
983,2013-10-08,Tuesday,4,d_984,no event
984,2013-10-09,Wednesday,5,d_985,no event
985,2013-10-10,Thursday,6,d_986,no event
986,2013-10-11,Friday,7,d_987,no event
987,2013-10-12,Saturday,1,d_988,no event
988,2013-10-13,Sunday,2,d_989,no event
989,2013-10-14,Monday,3,d_990,no event
990,2013-10-15,Tuesday,4,d_991,no event
991,2013-10-16,Wednesday,5,d_992,no event
992,2013-10-17,Thursday,6,d_993,no event
993,2013-10-18,Friday,7,d_994,no event
994,2013-10-19,Saturday,1,d_995,no event
995,2013-10-20,Sunday,2,d_996,no event
996,2013-10-21,Monday,3,d_997,no event
997,2013-10-22,Tuesday,4,d_998,no event
998,2013-10-23,Wednesday,5,d_999,no event
999,2013-10-24,Thursday,6,d_1000,no event
1000,2013-10-25,Friday,7,d_1001,no event
1001,2013-10-26,Saturday,1,d_1002,no event
1002,2013-10-27,Sunday,2,d_1003,no event
1003,2013-10-28,Monday,3,d_1004,no event
1004,2013-10-29,Tuesday,4,d_1005,no event
1005,2013-10-30,Wednesday,5,d_1006,no event
1006,2013-10-31,Thursday,6,d_1007,no event
1007,2013-11-01,Friday,7,d_1008,no event
1008,2013-11-02,Saturday,1,d_1009,no event
1009,2013-11-03,Sunday,2,d_1010,no event
1010,2013-11-04,Monday,3,d_1011,no event
1011,2013-11-05,Tuesday,4,d_1012,no event
1012,2013-11-06,Wednesday,5,d_1013,no event
1013,2013-11-07,Thursday,6,d_1014,no event
1014,2013-11-08,Friday,7,d_1015,no event
1015,2013-11-09,Saturday,1,d_1016,no event
1016,2013-11-10,Sunday,2,d_1017,no event
1017,2013-11-11,Monday,3,d_1018,no event
1018,2013-11-12,Tuesday,4,d_1019,no event
1019,2013-11-13,Wednesday,5,d_1020,no event
1020,2013-11-14,Thursday,6,d_1021,no event
1021,2013-11-15,Friday,7,d_1022,no event
1022,2013-11-16,Saturday,1,d_1023,no event
1023,2013-11-17,Sunday,2,d_1024,no event
1024,2013-11-18,Monday,3,d_1025,no event
1025,2013-11-19,Tuesday,4,d_1026,no event
1026,2013-11-20,Wednesday,5,d_1027,no event
1027,2013-11-21,Thursday,6,d_1028,no event
1028,2013-11-22,Friday,7,d_1029,no event
1029,2013-11-23,Saturday,1,d_1030,no event
1030,2013-11-24,Sunday,2,d_1031,no event
1031,2013-11-25,Monday,3,d_1032,no event
1032,2013-11-26,Tuesday,4,d_1033,no event
1033,2013-11-27,Wednesday,5,d_1034,no event
1034,2013-11-28,Thursday,6,d_1035,Thanksgiving
1035,2013-11-29,Friday,7,d_1036,no event
1036,2013-11-30,Saturday,1,d_1037,no event
1037,2013-12-01,Sunday,2,d_1038,no event
1038,2013-12-02,Monday,3,d_1039,no event
1039,2013-12-03,Tuesday,4,d_1040,no event
1040,2013-12-04,Wednesday,5,d_1041,no event
1041,2013-12-05,Thursday,6,d_1042,no event
1042,2013-12-06,Friday,7,d_1043,no event
1043,2013-12-07,Saturday,1,d_1044,no event
1044,2013-12-08,Sunday,2,d_1045,no event
1045,2013-12-09,Monday,3,d_1046,no event
1046,2013-12-10,Tuesday,4,d_1047,no event
1047,2013-12-11,Wednesday,5,d_1048,no event
1048,2013-12-12,Thursday,6,d_1049,no event
1049,2013-12-13,Friday,7,d_1050,no event
1050,2013-12-14,Saturday,1,d_1051,no event
1051,2013-12-15,Sunday,2,d_1052,no event
1052,2013-12-16,Monday,3,d_1053,no event
1053,2013-12-17,Tuesday,4,d_1054,no event
1054,2013-12-18,Wednesday,5,d_1055,no event
1055,2013-12-19,Thursday,6,d_1056,no event
1056,2013-12-20,Friday,7,d_1057,no event
1057,2013-12-21,Saturday,1,d_1058,no event
1058,2013-12-22,Sunday,2,d_1059,no event
1059,2013-12-23,Monday,3,d_1060,no event
1060,2013-12-24,Tuesday,4,d_1061,no event
1061,2013-12-25,Wednesday,5,d_1062,no event
1062,2013-12-26,Thursday,6,d_1063,no event
1063,2013-12-27,Friday,7,d_1064,no event
1064,2013-12-28,Saturday,1,d_1065,no event
1065,2013-12-29,Sunday,2,d_1066,no event
1066,2013-12-30,Monday,3,d_1067,no event
1067,2013-12-31,Tuesday,4,d_1068,no event
1068,2014-01-01,Wednesday,5,d_1069,NewYear
1069,2014-01-02,Thursday,6,d_1070,no event
1070,2014-01-03,Friday,7,d_1071,no event
1071,2014-01-04,Saturday,1,d_1072,no event
1072,2014-01-05,Sunday,2,d_1073,no event
1073,2014-01-06,Monday,3,d_1074,no event
1074,2014-01-07,Tuesday,4,d_1075,no event
1075,2014-01-08,Wednesday,5,d_1076,no event
1076,2014-01-09,Thursday,6,d_1077,no event
1077,2014-01-10,Friday,7,d_1078,no event
1078,2014-01-11,Saturday,1,d_1079,no event
1079,2014-01-12,Sunday,2,d_1080,no event
1080,2014-01-13,Monday,3,d_1081,no event
1081,2014-01-14,Tuesday,4,d_1082,no event
1082,2014-01-15,Wednesday,5,d_1083,no event
1083,2014-01-16,Thursday,6,d_1084,no event
1084,2014-01-17,Friday,7,d_1085,no event
1085,2014-01-18,Saturday,1,d_1086,no event
1086,2014-01-19,Sunday,2,d_1087,no event
1087,2014-01-20,Monday,3,d_1088,no event
1088,2014-01-21,Tuesday,4,d_1089,no event
1089,2014-01-22,Wednesday,5,d_1090,no event
1090,2014-01-23,Thursday,6,d_1091,no event
1091,2014-01-24,Friday,7,d_1092,no event
1092,2014-01-25,Saturday,1,d_1093,no event
1093,2014-01-26,Sunday,2,d_1094,no event
1094,2014-01-27,Monday,3,d_1095,no event
1095,2014-01-28,Tuesday,4,d_1096,no event
1096,2014-01-29,Wednesday,5,d_1097,no event
1097,2014-01-30,Thursday,6,d_1098,no event
1098,2014-01-31,Friday,7,d_1099,no event
1099,2014-02-01,Saturday,1,d_1100,no event
1100,2014-02-02,Sunday,2,d_1101,SuperBowl
1101,2014-02-03,Monday,3,d_1102,no event
1102,2014-02-04,Tuesday,4,d_1103,no event
1103,2014-02-05,Wednesday,5,d_1104,no event
1104,2014-02-06,Thursday,6,d_1105,no event
1105,2014-02-07,Friday,7,d_1106,no event
1106,2014-02-08,Saturday,1,d_1107,no event
1107,2014-02-09,Sunday,2,d_1108,no event
1108,2014-02-10,Monday,3,d_1109,no event
1109,2014-02-11,Tuesday,4,d_1110,no event
1110,2014-02-12,Wednesday,5,d_1111,no event
1111,2014-02-13,Thursday,6,d_1112,no event
1112,2014-02-14,Friday,7,d_1113,no event
1113,2014-02-15,Saturday,1,d_1114,no event
1114,2014-02-16,Sunday,2,d_1115,no event
1115,2014-02-17,Monday,3,d_1116,no event
1116,2014-02-18,Tuesday,4,d_1117,no event
1117,2014-02-19,Wednesday,5,d_1118,no event
1118,2014-02-20,Thursday,6,d_1119,no event
1119,2014-02-21,Friday,7,d_1120,no event
1120,2014-02-22,Saturday,1,d_1121,no event
1121,2014-02-23,Sunday,2,d_1122,no event
1122,2014-02-24,Monday,3,d_1123,no event
1123,2014-02-25,Tuesday,4,d_1124,no event
1124,2014-02-26,Wednesday,5,d_1125,no event
1125,2014-02-27,Thursday,6,d_1126,no event
1126,2014-02-28,Friday,7,d_1127,no event
1127,2014-03-01,Saturday,1,d_1128,no event
1128,2014-03-02,Sunday,2,d_1129,no event
1129,2014-03-03,Monday,3,d_1130,no event
1130,2014-03-04,Tuesday,4,d_1131,no event
1131,2014-03-05,Wednesday,5,d_1132,no event
1132,2014-03-06,Thursday,6,d_1133,no event
1133,2014-03-07,Friday,7,d_1134,no event
1134,2014-03-08,Saturday,1,d_1135,no event
1135,2014-03-09,Sunday,2,d_1136,no event
1136,2014-03-10,Monday,3,d_1137,no event
1137,2014-03-11,Tuesday,4,d_1138,no event
1138,2014-03-12,Wednesday,5,d_1139,no event
1139,2014-03-13,Thursday,6,d_1140,no event
1140,2014-03-14,Friday,7,d_1141,no event
1141,2014-03-15,Saturday,1,d_1142,no event
1142,2014-03-16,Sunday,2,d_1143,no event
1143,2014-03-17,Monday,3,d_1144,no event
1144,2014-03-18,Tuesday,4,d_1145,no event
1145,2014-03-19,Wednesday,5,d_1146,no event
1146,2014-03-20,Thursday,6,d_1147,no event
1147,2014-03-21,Friday,7,d_1148,no event
1148,2014-03-22,Saturday,1,d_1149,no event
1149,2014-03-23,Sunday,2,d_1150,no event
1150,2014-03-24,Monday,3,d_1151,no event
1151,2014-03-25,Tuesday,4,d_1152,no event
1152,2014-03-26,Wednesday,5,d_1153,no event
1153,2014-03-27,Thursday,6,d_1154,no event
1154,2014-03-28,Friday,7,d_1155,no event
1155,2014-03-29,Saturday,1,d_1156,no event
1156,2014-03-30,Sunday,2,d_1157,no event
1157,2014-03-31,Monday,3,d_1158,no event
1158,2014-04-01,Tuesday,4,d_1159,no event
1159,2014-04-02,Wednesday,5,d_1160,no event
1160,2014-04-03,Thursday,6,d_1161,no event
1161,2014-04-04,Friday,7,d_1162,no event
1162,2014-04-05,Saturday,1,d_1163,no event
1163,2014-04-06,Sunday,2,d_1164,no event
1164,2014-04-07,Monday,3,d_1165,no event
1165,2014-04-08,Tuesday,4,d_1166,no event
1166,2014-04-09,Wednesday,5,d_1167,no event
1167,2014-04-10,Thursday,6,d_1168,no event
1168,2014-04-11,Friday,7,d_1169,no event
1169,2014-04-12,Saturday,1,d_1170,no event
1170,2014-04-13,Sunday,2,d_1171,no event
1171,2014-04-14,Monday,3,d_1172,no event
1172,2014-04-15,Tuesday,4,d_1173,no event
1173,2014-04-16,Wednesday,5,d_1174,no event
1174,2014-04-17,Thursday,6,d_1175,no event
1175,2014-04-18,Friday,7,d_1176,no event
1176,2014-04-19,Saturday,1,d_1177,no event
1177,2014-04-20,Sunday,2,d_1178,Easter
1178,2014-04-21,Monday,3,d_1179,no event
1179,2014-04-22,Tuesday,4,d_1180,no event
1180,2014-04-23,Wednesday,5,d_1181,no event
1181,2014-04-24,Thursday,6,d_1182,no event
1182,2014-04-25,Friday,7,d_1183,no event
1183,2014-04-26,Saturday,1,d_1184,no event
1184,2014-04-27,Sunday,2,d_1185,no event
1185,2014-04-28,Monday,3,d_1186,no event
1186,2014-04-29,Tuesday,4,d_1187,no event
1187,2014-04-30,Wednesday,5,d_1188,no event
1188,2014-05-01,Thursday,6,d_1189,no event
1189,2014-05-02,Friday,7,d_1190,no event
1190,2014-05-03,Saturday,1,d_1191,no event
1191,2014-05-04,Sunday,2,d_1192,no event
1192,2014-05-05,Monday,3,d_1193,no event
1193,2014-05-06,Tuesday,4,d_1194,no event
1194,2014-05-07,Wednesday,5,d_1195,no event
1195,2014-05-08,Thursday,6,d_1196,no event
1196,2014-05-09,Friday,7,d_1197,no event
1197,2014-05-10,Saturday,1,d_1198,no event
1198,2014-05-11,Sunday,2,d_1199,no event
1199,2014-05-12,Monday,3,d_1200,no event
1200,2014-05-13,Tuesday,4,d_1201,no event
1201,2014-05-14,Wednesday,5,d_1202,no event
1202,2014-05-15,Thursday,6,d_1203,no event
1203,2014-05-16,Friday,7,d_1204,no event
1204,2014-05-17,Saturday,1,d_1205,no event
1205,2014-05-18,Sunday,2,d_1206,no event
1206,2014-05-19,Monday,3,d_1207,no event
1207,2014-05-20,Tuesday,4,d_1208,no event
1208,2014-05-21,Wednesday,5,d_1209,no event
1209,2014-05-22,Thursday,6,d_1210,no event
1210,2014-05-23,Friday,7,d_1211,no event
1211,2014-05-24,Saturday,1,d_1212,no event
1212,2014-05-25,Sunday,2,d_1213,no event
1213,2014-05-26,Monday,3,d_1214,no event
1214,2014-05-27,Tuesday,4,d_1215,no event
1215,2014-05-28,Wednesday,5,d_1216,no event
1216,2014-05-29,Thursday,6,d_1217,no event
1217,2014-05-30,Friday,7,d_1218,no event
1218,2014-05-31,Saturday,1,d_1219,no event
1219,2014-06-01,Sunday,2,d_1220,no event
1220,2014-06-02,Monday,3,d_1221,no event
1221,2014-06-03,Tuesday,4,d_1222,no event
1222,2014-06-04,Wednesday,5,d_1223,no event
1223,2014-06-05,Thursday,6,d_1224,no event
1224,2014-06-06,Friday,7,d_1225,no event
1225,2014-06-07,Saturday,1,d_1226,no event
1226,2014-06-08,Sunday,2,d_1227,no event
1227,2014-06-09,Monday,3,d_1228,no event
1228,2014-06-10,Tuesday,4,d_1229,no event
1229,2014-06-11,Wednesday,5,d_1230,no event
1230,2014-06-12,Thursday,6,d_1231,no event
1231,2014-06-13,Friday,7,d_1232,no event
1232,2014-06-14,Saturday,1,d_1233,no event
1233,2014-06-15,Sunday,2,d_1234,no event
1234,2014-06-16,Monday,3,d_1235,no event
1235,2014-06-17,Tuesday,4,d_1236,no event
1236,2014-06-18,Wednesday,5,d_1237,no event
1237,2014-06-19,Thursday,6,d_1238,no event
1238,2014-06-20,Friday,7,d_1239,no event
1239,2014-06-21,Saturday,1,d_1240,no event
1240,2014-06-22,Sunday,2,d_1241,no event
1241,2014-06-23,Monday,3,d_1242,no event
1242,2014-06-24,Tuesday,4,d_1243,no event
1243,2014-06-25,Wednesday,5,d_1244,no event
1244,2014-06-26,Thursday,6,d_1245,no event
1245,2014-06-27,Friday,7,d_1246,no event
1246,2014-06-28,Saturday,1,d_1247,no event
1247,2014-06-29,Sunday,2,d_1248,Ramadan starts
1248,2014-06-30,Monday,3,d_1249,no event
1249,2014-07-01,Tuesday,4,d_1250,no event
1250,2014-07-02,Wednesday,5,d_1251,no event
1251,2014-07-03,Thursday,6,d_1252,no event
1252,2014-07-04,Friday,7,d_1253,no event
1253,2014-07-05,Saturday,1,d_1254,no event
1254,2014-07-06,Sunday,2,d_1255,no event
1255,2014-07-07,Monday,3,d_1256,no event
1256,2014-07-08,Tuesday,4,d_1257,no event
1257,2014-07-09,Wednesday,5,d_1258,no event
1258,2014-07-10,Thursday,6,d_1259,no event
1259,2014-07-11,Friday,7,d_1260,no event
1260,2014-07-12,Saturday,1,d_1261,no event
1261,2014-07-13,Sunday,2,d_1262,no event
1262,2014-07-14,Monday,3,d_1263,no event
1263,2014-07-15,Tuesday,4,d_1264,no event
1264,2014-07-16,Wednesday,5,d_1265,no event
1265,2014-07-17,Thursday,6,d_1266,no event
1266,2014-07-18,Friday,7,d_1267,no event
1267,2014-07-19,Saturday,1,d_1268,no event
1268,2014-07-20,Sunday,2,d_1269,no event
1269,2014-07-21,Monday,3,d_1270,no event
1270,2014-07-22,Tuesday,4,d_1271,no event
1271,2014-07-23,Wednesday,5,d_1272,no event
1272,2014-07-24,Thursday,6,d_1273,no event
1273,2014-07-25,Friday,7,d_1274,no event
1274,2014-07-26,Saturday,1,d_1275,no event
1275,2014-07-27,Sunday,2,d_1276,no event
1276,2014-07-28,Monday,3,d_1277,no event
1277,2014-07-29,Tuesday,4,d_1278,no event
1278,2014-07-30,Wednesday,5,d_1279,no event
1279,2014-07-31,Thursday,6,d_1280,no event
1280,2014-08-01,Friday,7,d_1281,no event
1281,2014-08-02,Saturday,1,d_1282,no event
1282,2014-08-03,Sunday,2,d_1283,no event
1283,2014-08-04,Monday,3,d_1284,no event
1284,2014-08-05,Tuesday,4,d_1285,no event
1285,2014-08-06,Wednesday,5,d_1286,no event
1286,2014-08-07,Thursday,6,d_1287,no event
1287,2014-08-08,Friday,7,d_1288,no event
1288,2014-08-09,Saturday,1,d_1289,no event
1289,2014-08-10,Sunday,2,d_1290,no event
1290,2014-08-11,Monday,3,d_1291,no event
1291,2014-08-12,Tuesday,4,d_1292,no event
1292,2014-08-13,Wednesday,5,d_1293,no event
1293,2014-08-14,Thursday,6,d_1294,no event
1294,2014-08-15,Friday,7,d_1295,no event
1295,2014-08-16,Saturday,1,d_1296,no event
1296,2014-08-17,Sunday,2,d_1297,no event
1297,2014-08-18,Monday,3,d_1298,no event
1298,2014-08-19,Tuesday,4,d_1299,no event
1299,2014-08-20,Wednesday,5,d_1300,no event
1300,2014-08-21,Thursday,6,d_1301,no event
1301,2014-08-22,Friday,7,d_1302,no event
1302,2014-08-23,Saturday,1,d_1303,no event
1303,2014-08-24,Sunday,2,d_1304,no event
1304,2014-08-25,Monday,3,d_1305,no event
1305,2014-08-26,Tuesday,4,d_1306,no event
1306,2014-08-27,Wednesday,5,d_1307,no event
1307,2014-08-28,Thursday,6,d_1308,no event
1308,2014-08-29,Friday,7,d_1309,no event
1309,2014-08-30,Saturday,1,d_1310,no event
1310,2014-08-31,Sunday,2,d_1311,no event
1311,2014-09-01,Monday,3,d_1312,no event
1312,2014-09-02,Tuesday,4,d_1313,no event
1313,2014-09-03,Wednesday,5,d_1314,no event
1314,2014-09-04,Thursday,6,d_1315,no event
1315,2014-09-05,Friday,7,d_1316,no event
1316,2014-09-06,Saturday,1,d_1317,no event
1317,2014-09-07,Sunday,2,d_1318,no event
1318,2014-09-08,Monday,3,d_1319,no event
1319,2014-09-09,Tuesday,4,d_1320,no event
1320,2014-09-10,Wednesday,5,d_1321,no event
1321,2014-09-11,Thursday,6,d_1322,no event
1322,2014-09-12,Friday,7,d_1323,no event
1323,2014-09-13,Saturday,1,d_1324,no event
1324,2014-09-14,Sunday,2,d_1325,no event
1325,2014-09-15,Monday,3,d_1326,no event
1326,2014-09-16,Tuesday,4,d_1327,no event
1327,2014-09-17,Wednesday,5,d_1328,no event
1328,2014-09-18,Thursday,6,d_1329,no event
1329,2014-09-19,Friday,7,d_1330,no event
1330,2014-09-20,Saturday,1,d_1331,no event
1331,2014-09-21,Sunday,2,d_1332,no event
1332,2014-09-22,Monday,3,d_1333,no event
1333,2014-09-23,Tuesday,4,d_1334,no event
1334,2014-09-24,Wednesday,5,d_1335,no event
1335,2014-09-25,Thursday,6,d_1336,no event
1336,2014-09-26,Friday,7,d_1337,no event
1337,2014-09-27,Saturday,1,d_1338,no event
1338,2014-09-28,Sunday,2,d_1339,no event
1339,2014-09-29,Monday,3,d_1340,no event
1340,2014-09-30,Tuesday,4,d_1341,no event
1341,2014-10-01,Wednesday,5,d_1342,no event
1342,2014-10-02,Thursday,6,d_1343,no event
1343,2014-10-03,Friday,7,d_1344,no event
1344,2014-10-04,Saturday,1,d_1345,no event
1345,2014-10-05,Sunday,2,d_1346,no event
1346,2014-10-06,Monday,3,d_1347,no event
1347,2014-10-07,Tuesday,4,d_1348,no event
1348,2014-10-08,Wednesday,5,d_1349,no event
1349,2014-10-09,Thursday,6,d_1350,no event
1350,2014-10-10,Friday,7,d_1351,no event
1351,2014-10-11,Saturday,1,d_1352,no event
1352,2014-10-12,Sunday,2,d_1353,no event
1353,2014-10-13,Monday,3,d_1354,no event
1354,2014-10-14,Tuesday,4,d_1355,no event
1355,2014-10-15,Wednesday,5,d_1356,no event
1356,2014-10-16,Thursday,6,d_1357,no event
1357,2014-10-17,Friday,7,d_1358,no event
1358,2014-10-18,Saturday,1,d_1359,no event
1359,2014-10-19,Sunday,2,d_1360,no event
1360,2014-10-20,Monday,3,d_1361,no event
1361,2014-10-21,Tuesday,4,d_1362,no event
1362,2014-10-22,Wednesday,5,d_1363,no event
1363,2014-10-23,Thursday,6,d_1364,no event
1364,2014-10-24,Friday,7,d_1365,no event
1365,2014-10-25,Saturday,1,d_1366,no event
1366,2014-10-26,Sunday,2,d_1367,no event
1367,2014-10-27,Monday,3,d_1368,no event
1368,2014-10-28,Tuesday,4,d_1369,no event
1369,2014-10-29,Wednesday,5,d_1370,no event
1370,2014-10-30,Thursday,6,d_1371,no event
1371,2014-10-31,Friday,7,d_1372,no event
1372,2014-11-01,Saturday,1,d_1373,no event
1373,2014-11-02,Sunday,2,d_1374,no event
1374,2014-11-03,Monday,3,d_1375,no event
1375,2014-11-04,Tuesday,4,d_1376,no event
1376,2014-11-05,Wednesday,5,d_1377,no event
1377,2014-11-06,Thursday,6,d_1378,no event
1378,2014-11-07,Friday,7,d_1379,no event
1379,2014-11-08,Saturday,1,d_1380,no event
1380,2014-11-09,Sunday,2,d_1381,no event
1381,2014-11-10,Monday,3,d_1382,no event
1382,2014-11-11,Tuesday,4,d_1383,no event
1383,2014-11-12,Wednesday,5,d_1384,no event
1384,2014-11-13,Thursday,6,d_1385,no event
1385,2014-11-14,Friday,7,d_1386,no event
1386,2014-11-15,Saturday,1,d_1387,no event
1387,2014-11-16,Sunday,2,d_1388,no event
1388,2014-11-17,Monday,3,d_1389,no event
1389,2014-11-18,Tuesday,4,d_1390,no event
1390,2014-11-19,Wednesday,5,d_1391,no event
1391,2014-11-20,Thursday,6,d_1392,no event
1392,2014-11-21,Friday,7,d_1393,no event
1393,2014-11-22,Saturday,1,d_1394,no event
1394,2014-11-23,Sunday,2,d_1395,no event
1395,2014-11-24,Monday,3,d_1396,no event
1396,2014-11-25,Tuesday,4,d_1397,no event
1397,2014-11-26,Wednesday,5,d_1398,no event
1398,2014-11-27,Thursday,6,d_1399,Thanksgiving
1399,2014-11-28,Friday,7,d_1400,no event
1400,2014-11-29,Saturday,1,d_1401,no event
1401,2014-11-30,Sunday,2,d_1402,no event
1402,2014-12-01,Monday,3,d_1403,no event
1403,2014-12-02,Tuesday,4,d_1404,no event
1404,2014-12-03,Wednesday,5,d_1405,no event
1405,2014-12-04,Thursday,6,d_1406,no event
1406,2014-12-05,Friday,7,d_1407,no event
1407,2014-12-06,Saturday,1,d_1408,no event
1408,2014-12-07,Sunday,2,d_1409,no event
1409,2014-12-08,Monday,3,d_1410,no event
1410,2014-12-09,Tuesday,4,d_1411,no event
1411,2014-12-10,Wednesday,5,d_1412,no event
1412,2014-12-11,Thursday,6,d_1413,no event
1413,2014-12-12,Friday,7,d_1414,no event
1414,2014-12-13,Saturday,1,d_1415,no event
1415,2014-12-14,Sunday,2,d_1416,no event
1416,2014-12-15,Monday,3,d_1417,no event
1417,2014-12-16,Tuesday,4,d_1418,no event
1418,2014-12-17,Wednesday,5,d_1419,no event
1419,2014-12-18,Thursday,6,d_1420,no event
1420,2014-12-19,Friday,7,d_1421,no event
1421,2014-12-20,Saturday,1,d_1422,no event
1422,2014-12-21,Sunday,2,d_1423,no event
1423,2014-12-22,Monday,3,d_1424,no event
1424,2014-12-23,Tuesday,4,d_1425,no event
1425,2014-12-24,Wednesday,5,d_1426,no event
1426,2014-12-25,Thursday,6,d_1427,no event
1427,2014-12-26,Friday,7,d_1428,no event
1428,2014-12-27,Saturday,1,d_1429,no event
1429,2014-12-28,Sunday,2,d_1430,no event
1430,2014-12-29,Monday,3,d_1431,no event
1431,2014-12-30,Tuesday,4,d_1432,no event
1432,2014-12-31,Wednesday,5,d_1433,no event
1433,2015-01-01,Thursday,6,d_1434,NewYear
1434,2015-01-02,Friday,7,d_1435,no event
1435,2015-01-03,Saturday,1,d_1436,no event
1436,2015-01-04,Sunday,2,d_1437,no event
1437,2015-01-05,Monday,3,d_1438,no event
1438,2015-01-06,Tuesday,4,d_1439,no event
1439,2015-01-07,Wednesday,5,d_1440,no event
1440,2015-01-08,Thursday,6,d_1441,no event
1441,2015-01-09,Friday,7,d_1442,no event
1442,2015-01-10,Saturday,1,d_1443,no event
1443,2015-01-11,Sunday,2,d_1444,no event
1444,2015-01-12,Monday,3,d_1445,no event
1445,2015-01-13,Tuesday,4,d_1446,no event
1446,2015-01-14,Wednesday,5,d_1447,no event
1447,2015-01-15,Thursday,6,d_1448,no event
1448,2015-01-16,Friday,7,d_1449,no event
1449,2015-01-17,Saturday,1,d_1450,no event
1450,2015-01-18,Sunday,2,d_1451,no event
1451,2015-01-19,Monday,3,d_1452,no event
1452,2015-01-20,Tuesday,4,d_1453,no event
1453,2015-01-21,Wednesday,5,d_1454,no event
1454,2015-01-22,Thursday,6,d_1455,no event
1455,2015-01-23,Friday,7,d_1456,no event
1456,2015-01-24,Saturday,1,d_1457,no event
1457,2015-01-25,Sunday,2,d_1458,no event
1458,2015-01-26,Monday,3,d_1459,no event
1459,2015-01-27,Tuesday,4,d_1460,no event
1460,2015-01-28,Wednesday,5,d_1461,no event
1461,2015-01-29,Thursday,6,d_1462,no event
1462,2015-01-30,Friday,7,d_1463,no event
1463,2015-01-31,Saturday,1,d_1464,no event
1464,2015-02-01,Sunday,2,d_1465,SuperBowl
1465,2015-02-02,Monday,3,d_1466,no event
1466,2015-02-03,Tuesday,4,d_1467,no event
1467,2015-02-04,Wednesday,5,d_1468,no event
1468,2015-02-05,Thursday,6,d_1469,no event
1469,2015-02-06,Friday,7,d_1470,no event
1470,2015-02-07,Saturday,1,d_1471,no event
1471,2015-02-08,Sunday,2,d_1472,no event
1472,2015-02-09,Monday,3,d_1473,no event
1473,2015-02-10,Tuesday,4,d_1474,no event
1474,2015-02-11,Wednesday,5,d_1475,no event
1475,2015-02-12,Thursday,6,d_1476,no event
1476,2015-02-13,Friday,7,d_1477,no event
1477,2015-02-14,Saturday,1,d_1478,no event
1478,2015-02-15,Sunday,2,d_1479,no event
1479,2015-02-16,Monday,3,d_1480,no event
1480,2015-02-17,Tuesday,4,d_1481,no event
1481,2015-02-18,Wednesday,5,d_1482,no event
1482,2015-02-19,Thursday,6,d_1483,no event
1483,2015-02-20,Friday,7,d_1484,no event
1484,2015-02-21,Saturday,1,d_1485,no event
1485,2015-02-22,Sunday,2,d_1486,no event
1486,2015-02-23,Monday,3,d_1487,no event
1487,2015-02-24,Tuesday,4,d_1488,no event
1488,2015-02-25,Wednesday,5,d_1489,no event
1489,2015-02-26,Thursday,6,d_1490,no event
1490,2015-02-27,Friday,7,d_1491,no event
1491,2015-02-28,Saturday,1,d_1492,no event
1492,2015-03-01,Sunday,2,d_1493,no event
1493,2015-03-02,Monday,3,d_1494,no event
1494,2015-03-03,Tuesday,4,d_1495,no event
1495,2015-03-04,Wednesday,5,d_1496,no event
1496,2015-03-05,Thursday,6,d_1497,no event
1497,2015-03-06,Friday,7,d_1498,no event
1498,2015-03-07,Saturday,1,d_1499,no event
1499,2015-03-08,Sunday,2,d_1500,no event
1500,2015-03-09,Monday,3,d_1501,no event
1501,2015-03-10,Tuesday,4,d_1502,no event
1502,2015-03-11,Wednesday,5,d_1503,no event
1503,2015-03-12,Thursday,6,d_1504,no event
1504,2015-03-13,Friday,7,d_1505,no event
1505,2015-03-14,Saturday,1,d_1506,no event
1506,2015-03-15,Sunday,2,d_1507,no event
1507,2015-03-16,Monday,3,d_1508,no event
1508,2015-03-17,Tuesday,4,d_1509,no event
1509,2015-03-18,Wednesday,5,d_1510,no event
1510,2015-03-19,Thursday,6,d_1511,no event
1511,2015-03-20,Friday,7,d_1512,no event
1512,2015-03-21,Saturday,1,d_1513,no event
1513,2015-03-22,Sunday,2,d_1514,no event
1514,2015-03-23,Monday,3,d_1515,no event
1515,2015-03-24,Tuesday,4,d_1516,no event
1516,2015-03-25,Wednesday,5,d_1517,no event
1517,2015-03-26,Thursday,6,d_1518,no event
1518,2015-03-27,Friday,7,d_1519,no event
1519,2015-03-28,Saturday,1,d_1520,no event
1520,2015-03-29,Sunday,2,d_1521,no event
1521,2015-03-30,Monday,3,d_1522,no event
1522,2015-03-31,Tuesday,4,d_1523,no event
1523,2015-04-01,Wednesday,5,d_1524,no event
1524,2015-04-02,Thursday,6,d_1525,no event
1525,2015-04-03,Friday,7,d_1526,no event
1526,2015-04-04,Saturday,1,d_1527,no event
1527,2015-04-05,Sunday,2,d_1528,Easter
1528,2015-04-06,Monday,3,d_1529,no event
1529,2015-04-07,Tuesday,4,d_1530,no event
1530,2015-04-08,Wednesday,5,d_1531,no event
1531,2015-04-09,Thursday,6,d_1532,no event
1532,2015-04-10,Friday,7,d_1533,no event
1533,2015-04-11,Saturday,1,d_1534,no event
1534,2015-04-12,Sunday,2,d_1535,no event
1535,2015-04-13,Monday,3,d_1536,no event
1536,2015-04-14,Tuesday,4,d_1537,no event
1537,2015-04-15,Wednesday,5,d_1538,no event
1538,2015-04-16,Thursday,6,d_1539,no event
1539,2015-04-17,Friday,7,d_1540,no event
1540,2015-04-18,Saturday,1,d_1541,no event
1541,2015-04-19,Sunday,2,d_1542,no event
1542,2015-04-20,Monday,3,d_1543,no event
1543,2015-04-21,Tuesday,4,d_1544,no event
1544,2015-04-22,Wednesday,5,d_1545,no event
1545,2015-04-23,Thursday,6,d_1546,no event
1546,2015-04-24,Friday,7,d_1547,no event
1547,2015-04-25,Saturday,1,d_1548,no event
1548,2015-04-26,Sunday,2,d_1549,no event
1549,2015-04-27,Monday,3,d_1550,no event
1550,2015-04-28,Tuesday,4,d_1551,no event
1551,2015-04-29,Wednesday,5,d_1552,no event
1552,2015-04-30,Thursday,6,d_1553,no event
1553,2015-05-01,Friday,7,d_1554,no event
1554,2015-05-02,Saturday,1,d_1555,no event
1555,2015-05-03,Sunday,2,d_1556,no event
1556,2015-05-04,Monday,3,d_1557,no event
1557,2015-05-05,Tuesday,4,d_1558,no event
1558,2015-05-06,Wednesday,5,d_1559,no event
1559,2015-05-07,Thursday,6,d_1560,no event
1560,2015-05-08,Friday,7,d_1561,no event
1561,2015-05-09,Saturday,1,d_1562,no event
1562,2015-05-10,Sunday,2,d_1563,no event
1563,2015-05-11,Monday,3,d_1564,no event
1564,2015-05-12,Tuesday,4,d_1565,no event
1565,2015-05-13,Wednesday,5,d_1566,no event
1566,2015-05-14,Thursday,6,d_1567,no event
1567,2015-05-15,Friday,7,d_1568,no event
1568,2015-05-16,Saturday,1,d_1569,no event
1569,2015-05-17,Sunday,2,d_1570,no event
1570,2015-05-18,Monday,3,d_1571,no event
1571,2015-05-19,Tuesday,4,d_1572,no event
1572,2015-05-20,Wednesday,5,d_1573,no event
1573,2015-05-21,Thursday,6,d_1574,no event
1574,2015-05-22,Friday,7,d_1575,no event
1575,2015-05-23,Saturday,1,d_1576,no event
1576,2015-05-24,Sunday,2,d_1577,no event
1577,2015-05-25,Monday,3,d_1578,no event
1578,2015-05-26,Tuesday,4,d_1579,no event
1579,2015-05-27,Wednesday,5,d_1580,no event
1580,2015-05-28,Thursday,6,d_1581,no event
1581,2015-05-29,Friday,7,d_1582,no event
1582,2015-05-30,Saturday,1,d_1583,no event
1583,2015-05-31,Sunday,2,d_1584,no event
1584,2015-06-01,Monday,3,d_1585,no event
1585,2015-06-02,Tuesday,4,d_1586,no event
1586,2015-06-03,Wednesday,5,d_1587,no event
1587,2015-06-04,Thursday,6,d_1588,no event
1588,2015-06-05,Friday,7,d_1589,no event
1589,2015-06-06,Saturday,1,d_1590,no event
1590,2015-06-07,Sunday,2,d_1591,no event
1591,2015-06-08,Monday,3,d_1592,no event
1592,2015-06-09,Tuesday,4,d_1593,no event
1593,2015-06-10,Wednesday,5,d_1594,no event
1594,2015-06-11,Thursday,6,d_1595,no event
1595,2015-06-12,Friday,7,d_1596,no event
1596,2015-06-13,Saturday,1,d_1597,no event
1597,2015-06-14,Sunday,2,d_1598,no event
1598,2015-06-15,Monday,3,d_1599,no event
1599,2015-06-16,Tuesday,4,d_1600,no event
1600,2015-06-17,Wednesday,5,d_1601,no event
1601,2015-06-18,Thursday,6,d_1602,Ramadan starts
1602,2015-06-19,Friday,7,d_1603,no event
1603,2015-06-20,Saturday,1,d_1604,no event
1604,2015-06-21,Sunday,2,d_1605,no event
1605,2015-06-22,Monday,3,d_1606,no event
1606,2015-06-23,Tuesday,4,d_1607,no event
1607,2015-06-24,Wednesday,5,d_1608,no event
1608,2015-06-25,Thursday,6,d_1609,no event
1609,2015-06-26,Friday,7,d_1610,no event
1610,2015-06-27,Saturday,1,d_1611,no event
1611,2015-06-28,Sunday,2,d_1612,no event
1612,2015-06-29,Monday,3,d_1613,no event
1613,2015-06-30,Tuesday,4,d_1614,no event
1614,2015-07-01,Wednesday,5,d_1615,no event
1615,2015-07-02,Thursday,6,d_1616,no event
1616,2015-07-03,Friday,7,d_1617,no event
1617,2015-07-04,Saturday,1,d_1618,no event
1618,2015-07-05,Sunday,2,d_1619,no event
1619,2015-07-06,Monday,3,d_1620,no event
1620,2015-07-07,Tuesday,4,d_1621,no event
1621,2015-07-08,Wednesday,5,d_1622,no event
1622,2015-07-09,Thursday,6,d_1623,no event
1623,2015-07-10,Friday,7,d_1624,no event
1624,2015-07-11,Saturday,1,d_1625,no event
1625,2015-07-12,Sunday,2,d_1626,no event
1626,2015-07-13,Monday,3,d_1627,no event
1627,2015-07-14,Tuesday,4,d_1628,no event
1628,2015-07-15,Wednesday,5,d_1629,no event
1629,2015-07-16,Thursday,6,d_1630,no event
1630,2015-07-17,Friday,7,d_1631,no event
1631,2015-07-18,Saturday,1,d_1632,no event
1632,2015-07-19,Sunday,2,d_1633,no event
1633,2015-07-20,Monday,3,d_1634,no event
1634,2015-07-21,Tuesday,4,d_1635,no event
1635,2015-07-22,Wednesday,5,d_1636,no event
1636,2015-07-23,Thursday,6,d_1637,no event
1637,2015-07-24,Friday,7,d_1638,no event
1638,2015-07-25,Saturday,1,d_1639,no event
1639,2015-07-26,Sunday,2,d_1640,no event
1640,2015-07-27,Monday,3,d_1641,no event
1641,2015-07-28,Tuesday,4,d_1642,no event
1642,2015-07-29,Wednesday,5,d_1643,no event
1643,2015-07-30,Thursday,6,d_1644,no event
1644,2015-07-31,Friday,7,d_1645,no event
1645,2015-08-01,Saturday,1,d_1646,no event
1646,2015-08-02,Sunday,2,d_1647,no event
1647,2015-08-03,Monday,3,d_1648,no event
1648,2015-08-04,Tuesday,4,d_1649,no event
1649,2015-08-05,Wednesday,5,d_1650,no event
1650,2015-08-06,Thursday,6,d_1651,no event
1651,2015-08-07,Friday,7,d_1652,no event
1652,2015-08-08,Saturday,1,d_1653,no event
1653,2015-08-09,Sunday,2,d_1654,no event
1654,2015-08-10,Monday,3,d_1655,no event
1655,2015-08-11,Tuesday,4,d_1656,no event
1656,2015-08-12,Wednesday,5,d_1657,no event
1657,2015-08-13,Thursday,6,d_1658,no event
1658,2015-08-14,Friday,7,d_1659,no event
1659,2015-08-15,Saturday,1,d_1660,no event
1660,2015-08-16,Sunday,2,d_1661,no event
1661,2015-08-17,Monday,3,d_1662,no event
1662,2015-08-18,Tuesday,4,d_1663,no event
1663,2015-08-19,Wednesday,5,d_1664,no event
1664,2015-08-20,Thursday,6,d_1665,no event
1665,2015-08-21,Friday,7,d_1666,no event
1666,2015-08-22,Saturday,1,d_1667,no event
1667,2015-08-23,Sunday,2,d_1668,no event
1668,2015-08-24,Monday,3,d_1669,no event
1669,2015-08-25,Tuesday,4,d_1670,no event
1670,2015-08-26,Wednesday,5,d_1671,no event
1671,2015-08-27,Thursday,6,d_1672,no event
1672,2015-08-28,Friday,7,d_1673,no event
1673,2015-08-29,Saturday,1,d_1674,no event
1674,2015-08-30,Sunday,2,d_1675,no event
1675,2015-08-31,Monday,3,d_1676,no event
1676,2015-09-01,Tuesday,4,d_1677,no event
1677,2015-09-02,Wednesday,5,d_1678,no event
1678,2015-09-03,Thursday,6,d_1679,no event
1679,2015-09-04,Friday,7,d_1680,no event
1680,2015-09-05,Saturday,1,d_1681,no event
1681,2015-09-06,Sunday,2,d_1682,no event
1682,2015-09-07,Monday,3,d_1683,no event
1683,2015-09-08,Tuesday,4,d_1684,no event
1684,2015-09-09,Wednesday,5,d_1685,no event
1685,2015-09-10,Thursday,6,d_1686,no event
1686,2015-09-11,Friday,7,d_1687,no event
1687,2015-09-12,Saturday,1,d_1688,no event
1688,2015-09-13,Sunday,2,d_1689,no event
1689,2015-09-14,Monday,3,d_1690,no event
1690,2015-09-15,Tuesday,4,d_1691,no event
1691,2015-09-16,Wednesday,5,d_1692,no event
1692,2015-09-17,Thursday,6,d_1693,no event
1693,2015-09-18,Friday,7,d_1694,no event
1694,2015-09-19,Saturday,1,d_1695,no event
1695,2015-09-20,Sunday,2,d_1696,no event
1696,2015-09-21,Monday,3,d_1697,no event
1697,2015-09-22,Tuesday,4,d_1698,no event
1698,2015-09-23,Wednesday,5,d_1699,no event
1699,2015-09-24,Thursday,6,d_1700,no event
1700,2015-09-25,Friday,7,d_1701,no event
1701,2015-09-26,Saturday,1,d_1702,no event
1702,2015-09-27,Sunday,2,d_1703,no event
1703,2015-09-28,Monday,3,d_1704,no event
1704,2015-09-29,Tuesday,4,d_1705,no event
1705,2015-09-30,Wednesday,5,d_1706,no event
1706,2015-10-01,Thursday,6,d_1707,no event
1707,2015-10-02,Friday,7,d_1708,no event
1708,2015-10-03,Saturday,1,d_1709,no event
1709,2015-10-04,Sunday,2,d_1710,no event
1710,2015-10-05,Monday,3,d_1711,no event
1711,2015-10-06,Tuesday,4,d_1712,no event
1712,2015-10-07,Wednesday,5,d_1713,no event
1713,2015-10-08,Thursday,6,d_1714,no event
1714,2015-10-09,Friday,7,d_1715,no event
1715,2015-10-10,Saturday,1,d_1716,no event
1716,2015-10-11,Sunday,2,d_1717,no event
1717,2015-10-12,Monday,3,d_1718,no event
1718,2015-10-13,Tuesday,4,d_1719,no event
1719,2015-10-14,Wednesday,5,d_1720,no event
1720,2015-10-15,Thursday,6,d_1721,no event
1721,2015-10-16,Friday,7,d_1722,no event
1722,2015-10-17,Saturday,1,d_1723,no event
1723,2015-10-18,Sunday,2,d_1724,no event
1724,2015-10-19,Monday,3,d_1725,no event
1725,2015-10-20,Tuesday,4,d_1726,no event
1726,2015-10-21,Wednesday,5,d_1727,no event
1727,2015-10-22,Thursday,6,d_1728,no event
1728,2015-10-23,Friday,7,d_1729,no event
1729,2015-10-24,Saturday,1,d_1730,no event
1730,2015-10-25,Sunday,2,d_1731,no event
1731,2015-10-26,Monday,3,d_1732,no event
1732,2015-10-27,Tuesday,4,d_1733,no event
1733,2015-10-28,Wednesday,5,d_1734,no event
1734,2015-10-29,Thursday,6,d_1735,no event
1735,2015-10-30,Friday,7,d_1736,no event
1736,2015-10-31,Saturday,1,d_1737,no event
1737,2015-11-01,Sunday,2,d_1738,no event
1738,2015-11-02,Monday,3,d_1739,no event
1739,2015-11-03,Tuesday,4,d_1740,no event
1740,2015-11-04,Wednesday,5,d_1741,no event
1741,2015-11-05,Thursday,6,d_1742,no event
1742,2015-11-06,Friday,7,d_1743,no event
1743,2015-11-07,Saturday,1,d_1744,no event
1744,2015-11-08,Sunday,2,d_1745,no event
1745,2015-11-09,Monday,3,d_1746,no event
1746,2015-11-10,Tuesday,4,d_1747,no event
1747,2015-11-11,Wednesday,5,d_1748,no event
1748,2015-11-12,Thursday,6,d_1749,no event
1749,2015-11-13,Friday,7,d_1750,no event
1750,2015-11-14,Saturday,1,d_1751,no event
1751,2015-11-15,Sunday,2,d_1752,no event
1752,2015-11-16,Monday,3,d_1753,no event
1753,2015-11-17,Tuesday,4,d_1754,no event
1754,2015-11-18,Wednesday,5,d_1755,no event
1755,2015-11-19,Thursday,6,d_1756,no event
1756,2015-11-20,Friday,7,d_1757,no event
1757,2015-11-21,Saturday,1,d_1758,no event
1758,2015-11-22,Sunday,2,d_1759,no event
1759,2015-11-23,Monday,3,d_1760,no event
1760,2015-11-24,Tuesday,4,d_1761,no event
1761,2015-11-25,Wednesday,5,d_1762,no event
1762,2015-11-26,Thursday,6,d_1763,Thanksgiving
1763,2015-11-27,Friday,7,d_1764,no event
1764,2015-11-28,Saturday,1,d_1765,no event
1765,2015-11-29,Sunday,2,d_1766,no event
1766,2015-11-30,Monday,3,d_1767,no event
1767,2015-12-01,Tuesday,4,d_1768,no event
1768,2015-12-02,Wednesday,5,d_1769,no event
1769,2015-12-03,Thursday,6,d_1770,no event
1770,2015-12-04,Friday,7,d_1771,no event
1771,2015-12-05,Saturday,1,d_1772,no event
1772,2015-12-06,Sunday,2,d_1773,no event
1773,2015-12-07,Monday,3,d_1774,no event
1774,2015-12-08,Tuesday,4,d_1775,no event
1775,2015-12-09,Wednesday,5,d_1776,no event
1776,2015-12-10,Thursday,6,d_1777,no event
1777,2015-12-11,Friday,7,d_1778,no event
1778,2015-12-12,Saturday,1,d_1779,no event
1779,2015-12-13,Sunday,2,d_1780,no event
1780,2015-12-14,Monday,3,d_1781,no event
1781,2015-12-15,Tuesday,4,d_1782,no event
1782,2015-12-16,Wednesday,5,d_1783,no event
1783,2015-12-17,Thursday,6,d_1784,no event
1784,2015-12-18,Friday,7,d_1785,no event
1785,2015-12-19,Saturday,1,d_1786,no event
1786,2015-12-20,Sunday,2,d_1787,no event
1787,2015-12-21,Monday,3,d_1788,no event
1788,2015-12-22,Tuesday,4,d_1789,no event
1789,2015-12-23,Wednesday,5,d_1790,no event
1790,2015-12-24,Thursday,6,d_1791,no event
1791,2015-12-25,Friday,7,d_1792,no event
1792,2015-12-26,Saturday,1,d_1793,no event
1793,2015-12-27,Sunday,2,d_1794,no event
1794,2015-12-28,Monday,3,d_1795,no event
1795,2015-12-29,Tuesday,4,d_1796,no event
1796,2015-12-30,Wednesday,5,d_1797,no event
1797,2015-12-31,Thursday,6,d_1798,no event
1798,2016-01-01,Friday,7,d_1799,NewYear
1799,2016-01-02,Saturday,1,d_1800,no event
1800,2016-01-03,Sunday,2,d_1801,no event
1801,2016-01-04,Monday,3,d_1802,no event
1802,2016-01-05,Tuesday,4,d_1803,no event
1803,2016-01-06,Wednesday,5,d_1804,no event
1804,2016-01-07,Thursday,6,d_1805,no event
1805,2016-01-08,Friday,7,d_1806,no event
1806,2016-01-09,Saturday,1,d_1807,no event
1807,2016-01-10,Sunday,2,d_1808,no event
1808,2016-01-11,Monday,3,d_1809,no event
1809,2016-01-12,Tuesday,4,d_1810,no event
1810,2016-01-13,Wednesday,5,d_1811,no event
1811,2016-01-14,Thursday,6,d_1812,no event
1812,2016-01-15,Friday,7,d_1813,no event
1813,2016-01-16,Saturday,1,d_1814,no event
1814,2016-01-17,Sunday,2,d_1815,no event
1815,2016-01-18,Monday,3,d_1816,no event
1816,2016-01-19,Tuesday,4,d_1817,no event
1817,2016-01-20,Wednesday,5,d_1818,no event
1818,2016-01-21,Thursday,6,d_1819,no event
1819,2016-01-22,Friday,7,d_1820,no event
1820,2016-01-23,Saturday,1,d_1821,no event
1821,2016-01-24,Sunday,2,d_1822,no event
1822,2016-01-25,Monday,3,d_1823,no event
1823,2016-01-26,Tuesday,4,d_1824,no event
1824,2016-01-27,Wednesday,5,d_1825,no event
1825,2016-01-28,Thursday,6,d_1826,no event
1826,2016-01-29,Friday,7,d_1827,no event
1827,2016-01-30,Saturday,1,d_1828,no event
1828,2016-01-31,Sunday,2,d_1829,no event
1829,2016-02-01,Monday,3,d_1830,no event
1830,2016-02-02,Tuesday,4,d_1831,no event
1831,2016-02-03,Wednesday,5,d_1832,no event
1832,2016-02-04,Thursday,6,d_1833,no event
1833,2016-02-05,Friday,7,d_1834,no event
1834,2016-02-06,Saturday,1,d_1835,no event
1835,2016-02-07,Sunday,2,d_1836,SuperBowl
1836,2016-02-08,Monday,3,d_1837,no event
1837,2016-02-09,Tuesday,4,d_1838,no event
1838,2016-02-10,Wednesday,5,d_1839,no event
1839,2016-02-11,Thursday,6,d_1840,no event
1840,2016-02-12,Friday,7,d_1841,no event
1841,2016-02-13,Saturday,1,d_1842,no event
1842,2016-02-14,Sunday,2,d_1843,no event
1843,2016-02-15,Monday,3,d_1844,no event
1844,2016-02-16,Tuesday,4,d_1845,no event
1845,2016-02-17,Wednesday,5,d_1846,no event
1846,2016-02-18,Thursday,6,d_1847,no event
1847,2016-02-19,Friday,7,d_1848,no event
1848,2016-02-20,Saturday,1,d_1849,no event
1849,2016-02-21,Sunday,2,d_1850,no event
1850,2016-02-22,Monday,3,d_1851,no event
1851,2016-02-23,Tuesday,4,d_1852,no event
1852,2016-02-24,Wednesday,5,d_1853,no event
1853,2016-02-25,Thursday,6,d_1854,no event
1854,2016-02-26,Friday,7,d_1855,no event
1855,2016-02-27,Saturday,1,d_1856,no event
1856,2016-02-28,Sunday,2,d_1857,no event
1857,2016-02-29,Monday,3,d_1858,no event
1858,2016-03-01,Tuesday,4,d_1859,no event
1859,2016-03-02,Wednesday,5,d_1860,no event
1860,2016-03-03,Thursday,6,d_1861,no event
1861,2016-03-04,Friday,7,d_1862,no event
1862,2016-03-05,Saturday,1,d_1863,no event
1863,2016-03-06,Sunday,2,d_1864,no event
1864,2016-03-07,Monday,3,d_1865,no event
1865,2016-03-08,Tuesday,4,d_1866,no event
1866,2016-03-09,Wednesday,5,d_1867,no event
1867,2016-03-10,Thursday,6,d_1868,no event
1868,2016-03-11,Friday,7,d_1869,no event
1869,2016-03-12,Saturday,1,d_1870,no event
1870,2016-03-13,Sunday,2,d_1871,no event
1871,2016-03-14,Monday,3,d_1872,no event
1872,2016-03-15,Tuesday,4,d_1873,no event
1873,2016-03-16,Wednesday,5,d_1874,no event
1874,2016-03-17,Thursday,6,d_1875,no event
1875,2016-03-18,Friday,7,d_1876,no event
1876,2016-03-19,Saturday,1,d_1877,no event
1877,2016-03-20,Sunday,2,d_1878,no event
1878,2016-03-21,Monday,3,d_1879,no event
1879,2016-03-22,Tuesday,4,d_1880,no event
1880,2016-03-23,Wednesday,5,d_1881,no event
1881,2016-03-24,Thursday,6,d_1882,no event
1882,2016-03-25,Friday,7,d_1883,no event
1883,2016-03-26,Saturday,1,d_1884,no event
1884,2016-03-27,Sunday,2,d_1885,Easter
1885,2016-03-28,Monday,3,d_1886,no event
1886,2016-03-29,Tuesday,4,d_1887,no event
1887,2016-03-30,Wednesday,5,d_1888,no event
1888,2016-03-31,Thursday,6,d_1889,no event
1889,2016-04-01,Friday,7,d_1890,no event
1890,2016-04-02,Saturday,1,d_1891,no event
1891,2016-04-03,Sunday,2,d_1892,no event
1892,2016-04-04,Monday,3,d_1893,no event
1893,2016-04-05,Tuesday,4,d_1894,no event
1894,2016-04-06,Wednesday,5,d_1895,no event
1895,2016-04-07,Thursday,6,d_1896,no event
1896,2016-04-08,Friday,7,d_1897,no event
1897,2016-04-09,Saturday,1,d_1898,no event
1898,2016-04-10,Sunday,2,d_1899,no event
1899,2016-04-11,Monday,3,d_1900,no event
1900,2016-04-12,Tuesday,4,d_1901,no event
1901,2016-04-13,Wednesday,5,d_1902,no event
1902,2016-04-14,Thursday,6,d_1903,no event
1903,2016-04-15,Friday,7,d_1904,no event
1904,2016-04-16,Saturday,1,d_1905,no event
1905,2016-04-17,Sunday,2,d_1906,no event
1906,2016-04-18,Monday,3,d_1907,no event
1907,2016-04-19,Tuesday,4,d_1908,no event
1908,2016-04-20,Wednesday,5,d_1909,no event
1909,2016-04-21,Thursday,6,d_1910,no event
1910,2016-04-22,Friday,7,d_1911,no event
1911,2016-04-23,Saturday,1,d_1912,no event
1912,2016-04-24,Sunday,2,d_1913,no event
